Tahun;Bulan;tgl;temp7;temp13;temp18;temp_avg;temp_24;temp_max;temp_min;CH;light_hour;light_per;pck;tgl;press;humid7;humid13;humid18;humid_avg;humid_24;ws_abg;mod_dir;max_ws;dir;rainfall_category
2021;1;01.00;26.03.00;32.03.00;28.08.00;28.04.00;28.04.00;32.09.00;24.06.00;50;02.01;26.25.00;  RA  ;01.00;1009.03.00;9.272.339.050.173.580;650.188.026.263.269;799.792.315.683.067;83.00.00;82.00.00;03.25;B;06.00;190.00.00;0 (ringan)
2021;1;02.00;26.01.00;31.05.00;27.02.00;27.07.00;27.05.00;31.07.00;25.02.00;-;02.02;27.500.000.000.000.000;    Lightning;02.00;1009.03.00;9.030.761.062.566.060;6.940.288.984.888.300;8.671.938.446.937.910;84.00.00;86.00.00;3.125;TG;07.00;50.00.00;1 (sedang)
2021;1;03.00;26.06.00;31.04.00;26.06.00;27.08.00;27.08.00;32.05.00;25.06.00;04.03;03.07;46.25.00;TS RA  ;03.00;1008.08.00;865.437.471.238.459;6.997.066.069.376.440;9.041.467.422.295.300;83.00.00;83.00.00;39.583.333.333.333.300;BL;10.00;160.00.00;2 (lebat)
2021;1;04.00;26.02.00;31.08.00;29.05.00;28.04.00;28.06.00;33.00.00;25.05.00;09.09;02.02;27.500.000.000.000.000;  RA  ;04.00;1008.07.00;864.234.912.104.948;6.288.699.987.233.130;7.478.721.885.027.760;78.00.00;78.00.00;3.375;BL;07.00;330.00.00;
2021;1;05.00;27.02.00;26.08.00;26.06.00;27.00.00;27.00.00;32.04.00;25.04.00;03.05;02.01;26.25.00;  RA  ;05.00;1008.04.00;9.208.725.069.158.200;9.045.670.689.176.880;8.885.779.948.974.680;91.00.00;88.00.00;35.833.333.333.333.300;B;16.00;310.00.00;
2021;1;06.00;26.04.00;33.00.00;29.00.00;28.07.00;28.03.00;33.06.00;25.02.00;11;04.03;53.75;  RA  ;06.00;1008.05.00;8.725.592.172.444.500;6.371.561.446.154.340;779.671.551.350.185;79.00.00;78.00.00;29.166.666.666.666.600;BL;14.00;330.00.00;
2021;1;07.00;25.06.00;33.02.00;25.03.00;27.04.00;27.02.00;33.02.00;25.02.00;TTU;02.08;35.00.00;TS RA  ;07.00;1008.01.00;8.623.817.780.941.160;59.840.283.338.908.200;950.111.149.402.581;82.00.00;86.00.00;7.416.666.666.666.660;BL;20.00;360.00.00;
2021;1;08.00;26.05.00;33.05.00;26.06.00;28.03.00;27.09.00;33.08.00;25.01.00;34.07.00;03.02;40.00.00;  RA Lightning;08.00;1008.02.00;8.883.314.673.487.670;62.325.562.634.038.600;85.778.016.219.296;81.00.00;83.00.00;4.458.333.333.333.330;BL;10.00;330.00.00;
2021;1;09.00;26.08.00;34.02.00;29.01.00;29.02.00;28.04.00;34.05.00;25.02.00;00.04;05.03;66.25.00;TS RA  ;09.00;1007.04.00;8.736.803.915.131.280;5.618.868.226.539.780;8.150.935.308.376.470;78.00.00;83.00.00;36.666.666.666.666.600;BL;08.00;360.00.00;
2021;1;10.00;26.07.00;28.00.00;27.04.00;27.02.00;27.02.00;32.00.00;25.04.00;13.05;01.02;15.00;TS RA  ;10.00;1007.05.00;9.200.060.869.098.450;8.994.329.909.209.470;8.602.435.915.620.520;90.00.00;88.00.00;31.666.666.666.666.600;B;12.00;10.00;
2021;1;11.00;26.02.00;31.05.00;27.02.00;27.08.00;27.06.00;32.09.00;25.04.00;5;02.02;27.500.000.000.000.000;  RA  ;11.00;1008.00.00;9.191.163.812.288.510;6.387.552.906.556.410;8.976.980.912.726.530;84.00.00;86.00.00;25.416.666.666.666.600;B;07.00;300.00.00;
2021;1;12.00;26.04.00;32.09.00;29.04.00;28.08.00;28.08.00;33.04.00;25.04.00;01.03;01.00;12.05;  RA  ;12.00;1008.09.00;911.584.089.418.139;63.066.067.152.581.300;7.541.299.607.333.550;80.00.00;80.00.00;3.375;S;09.00;320.00.00;
2021;1;13.00;26.08.00;28.04.00;27.06.00;27.04.00;27.08.00;33.04.00;25.04.00;-;02.04;30.00.00;TS    ;13.00;1008.09.00;8.890.671.270.734.420;8.485.339.814.969.880;8.758.525.622.462.760;88.00.00;82.00.00;4.166.666.666.666.660;BL;11.00;310.00.00;
2021;1;14.00;26.08.00;33.07.00;27.05.00;28.07.00;28.06.00;33.09.00;25.05.00;29.07.00;03.07;46.25.00;  RA  ;14.00;1009.01.00;828.189.619.905.688;5.688.272.002.697.980;8.605.442.464.121.220;77.00.00;76.00.00;4.291.666.666.666.660;BL;09.00;20.00;
2021;1;15.00;26.08.00;31.06.00;29.06.00;28.07.00;28.09.00;31.07.00;26.02.00;00.03;00.01;01.25;  RA  ;15.00;1008.04.00;828.189.619.905.688;6.274.399.121.594.070;6.953.087.395.956.540;74.00.00;73.00.00;4.916.666.666.666.660;BL;13.00;300.00.00;
2021;1;16.00;26.06.00;31.01.00;29.00.00;28.03.00;28.03.00;31.06.00;25.04.00;TTU;00.01;01.25;  RA  ;16.00;1007.09.00;8.349.751.167.822.240;623.800.665.535.927;6.587.148.937.682.650;74.00.00;74.00.00;39.583.333.333.333.300;BL;10.00;300.00.00;
2021;1;17.00;26.02.00;33.02.00;28.06.00;28.06.00;28.02.00;34.04.00;25.02.00;-;02.01;26.25.00;     ;17.00;1007.06.00;8.258.819.822.995.020;62.118.218.537.518.700;7.778.325.870.166.970;76.00.00;78.00.00;5.375;BL;13.00;330.00.00;
2021;1;18.00;25.05.00;29.02.00;26.00.00;26.06.00;27.00.00;32.04.00;25.00.00;-;03.06;45.00.00;     ;18.00;1008.09.00;8.937.579.119.025.650;7.944.577.787.810.700;8.714.137.533.712.540;86.00.00;84.00.00;4.708.333.333.333.330;BL;13.00;290.00.00;
2021;1;19.00;25.04.00;29.06.00;27.05.00;27.00.00;27.01.00;30.00.00;24.09.00;04.05;00.00;00.00;  RA  ;19.00;1009.09.00;9.015.280.438.641.370;7.084.319.737.423.770;723.004.745.428.737;81.00.00;80.00.00;4.125;B;12.00;300.00.00;
2021;1;20.00;26.00.00;33.00.00;25.02.00;27.06.00;27.05.00;33.08.00;24.04.00;00.02;03.05;43.75;TS RA  ;20.00;1009.08.00;840.423.342.777.414;62.555.244.415.838.900;9.010.748.481.432.000;80.00.00;83.00.00;5.875;BL;18.00;280.00.00;
2021;1;21.00;25.08.00;33.04.00;29.04.00;28.06.00;28.04.00;34.02.00;24.08.00;10.05;04.00;50.00.00;TS RA  ;21.00;1010.02.00;9.183.872.886.818.200;56.096.081.358.812.700;7.814.728.097.822.250;79.00.00;80.00.00;5.208.333.333.333.330;BL;10.00;290.00.00;
2021;1;22.00;26.03.00;33.00.00;25.00.00;27.07.00;27.00.00;33.00.00;25.00.00;13.04;05.00;62.05.00;TS RA  ;22.00;1009.07.00;9.035.077.984.604.070;6.665.452.917.756.890;9.332.637.261.393.610;85.00.00;86.00.00;4.708.333.333.333.330;BL;19.00;340.00.00;
2021;1;23.00;26.08.00;31.08.00;30.02.00;28.09.00;28.06.00;32.08.00;25.00.00;31.05.00;01.08;22.05;TS RA  ;23.00;1009.06.00;858.405.878.583.193;6.468.499.570.735.710;7.315.651.806.356.880;77.00.00;80.00.00;3.625;BL;07.00;340.00.00;
2021;1;24.00.00;26.08.00;31.08.00;25.02.00;27.07.00;26.07.00;33.02.00;24.04.00;28;03.02;40.00.00;  RA  ;24.00.00;1010.02.00;8.968.028.854.656.960;652.887.647.785.575;9.172.637.247.271.510;84.00.00;85.00.00;4.916.666.666.666.660;S;20.00;280.00.00;
2021;1;25.00.00;25.01.00;31.02.00;25.04.00;26.07.00;27.01.00;32.03.00;24.00.00;08.01;01.01;13.750.000.000.000.000;  RA  ;25.00.00;1010.02.00;9.089.449.208.238.990;6.735.084.374.938.540;814.957.643.905.576;83.00.00;82.00.00;39.583.333.333.333.300;BL;10.00;170.00.00;
2021;1;26.00.00;26.00.00;33.08.00;24.06.00;27.06.00;27.05.00;34.00.00;24.05.00;TTU;05.01;6.374.999.999.999.990;TS RA  ;26.00.00;1009.02.00;8.714.137.533.712.540;5.318.351.953.493.440;9.492.967.791.935.150;81.00.00;82.00.00;5.291.666.666.666.660;BL;18.00;220.00.00;
2021;1;27.00.00;25.07.00;32.03.00;27.05.00;27.08.00;27.08.00;33.01.00;24.08.00;59.08.00;04.05;56.25.00;  RA  ;27.00.00;1007.03.00;8.784.102.857.798.890;55.746.421.853.776.400;7.797.567.990.327.890;77.00.00;79.00.00;5.041.666.666.666.660;BL;13.00;300.00.00;
2021;1;28.00.00;26.04.00;31.08.00;27.08.00;28.01.00;27.09.00;33.00.00;25.05.00;00.04;02.00;25.00.00;  RA  ;28.00.00;1007.06.00;8.494.839.962.607.820;640.834.515.854.786;8.466.016.992.712.470;80.00.00;81.00.00;07.00;BL;15.00;330.00.00;
2021;1;29.00.00;26.02.00;31.02.00;27.08.00;27.09.00;27.05.00;32.02.00;24.08.00;01.06;02.08;35.00.00;  RA  ;29.00.00;1008.01.00;8.565.084.461.599.140;62.453.593.355.798.900;7.598.400.493.412.170;77.00.00;78.00.00;6.416.666.666.666.660;BL;14.00;300.00.00;
2021;1;30.00.00;25.05.00;28.04.00;27.00.00;26.06.00;26.06.00;29.04.00;25.00.00;TTU;00.00;00.00;  RA  ;30.00.00;1009.05.00;8.857.920.168.831.170;7.351.620.176.559.180;8.289.424.882.832.310;83.00.00;84.00.00;6.541.666.666.666.660;BL;17.00;310.00.00;
2021;1;31.00.00;26.00.00;30.00.00;27.05.00;27.04.00;27.01.00;31.07.00;25.00.00;2;03.06;45.00.00;  RA  ;31.00.00;1009.06.00;86.362.386.718.915;7.304.873.549.906.260;8.530.646.977.407.000;83.00.00;85.00.00;6.208.333.333.333.330;BL;14.00;300.00.00;
2021;2;01.00;25.06.00;33.00.00;28.02.00;28.01.00;28.00.00;33.02.00;25.02.00;26.06.00;05.06;70.00.00;  RA  ;1;1010.05.00;9.019.763.410.809.560;62.555.244.415.838.900;8.188.023.772.703.260;81.00.00;83.00.00;5.958.333.333.333.330;BL;12.00;320.00.00;
2021;2;02.00;26.07.00;32.07.00;29.00.00;28.08.00;28.07.00;33.01.00;25.08.00;06.02;05.06;70.00.00;  RA  ;2;1009.07.00;8.734.023.376.449.600;6.292.847.751.674.020;7.589.543.132.864.440;78.00.00;78.00.00;5.375;B;12.00;310.00.00;
2021;2;03.00;26.05.00;31.02.00;27.07.00;28.00.00;27.05.00;31.05.00;25.01.00;-;03.02;40.00.00;TS    ;3;1010.01.00;8.805.724.609.978.000;654.974.547.784.623;8.168.649.616.661.930;81.00.00;83.00.00;5.916.666.666.666.660;BL;15.00;300.00.00;
2021;2;04.00;25.08.00;31.02.00;26.05.00;27.03.00;27.00.00;31.06.00;25.01.00;06.06;03.07;46.25.00;TS RA  ;4;1010.07.00;9.024.198.092.503.600;642.731.910.188.947;896.118.904.223.609;84.00.00;86.00.00;5.416.666.666.666.660;B;12.00;320.00.00;
2021;2;05.00;25.09.00;28.04.00;27.08.00;27.00.00;27.05.00;30.06.00;25.08.00;29;02.03;28.749.999.999.999.900;  RA  ;5;1009.07.00;8.947.175.935.574.820;833.995.240.550.639;8.027.445.638.041.880;86.00.00;82.00.00;05.05;BL;15.00;300.00.00;
2021;2;06.00;27.02.00;30.02.00;28.00.00;28.02.00;27.06.00;31.00.00;24.06.00;02.05;03.00;37.05.00;  RA  ;6;1009.05.00;8.148.757.884.906.840;6.797.172.153.416.030;8.035.841.436.359.920;78.00.00;82.00.00;5.583.333.333.333.330;B;12.00;300.00.00;
2021;2;07.00;26.06.00;32.03.00;28.06.00;28.05.00;28.06.00;33.00.00;26.00.00;03.05;05.08;72.05.00;  RA  ;7;1009.01.00;865.437.471.238.459;6.031.428.298.938.550;7.778.325.870.166.970;78.00.00;77.00.00;4.916.666.666.666.660;B;18.00;310.00.00;
2021;2;08.00;26.09.00;29.01.00;26.00.00;27.02.00;26.09.00;31.02.00;24.08.00;-;01.09;1,010416667;     ;8;1007.01.00;8.435.865.952.611.980;8.010.288.209.331.210;9.508.952.159.285.730;86.00.00;88.00.00;5.458.333.333.333.330;BL;27.00.00;300.00.00;
2021;2;09.00;26.06.00;31.02.00;28.04.00;28.02.00;28.04.00;32.02.00;26.02.00;32.06.00;03.09;48.75;  RA  ;9;1008.06.00;8.885.779.948.974.680;6.488.419.654.410.460;8.052.370.980.548.100;81.00.00;81.00.00;5.375;B;14.00;280.00.00;
2021;2;10.00;26.08.00;29.06.00;26.03.00;27.04.00;27.06.00;32.01.00;26.00.00;02.05;02.08;35.00.00;TS RA  ;10;1008.08.00;8.890.671.270.734.420;7.483.847.792.004.360;9.431.968.328.769.720;87.00.00;87.00.00;39.166.666.666.666.600;BL;17.00;280.00.00;
2021;2;11.00;26.09.00;33.04.00;29.00.00;29.01.00;29.00.00;33.06.00;26.02.00;40.05.00;06.02;77.05.00;  RA  ;11;1009.01.00;8.893.097.500.973.060;6.111.790.506.145.750;8.217.990.099.313.860;80.00.00;80.00.00;4.833.333.333.333.330;BL;17.00;280.00.00;
2021;2;12.00;26.08.00;33.08.00;27.06.00;28.08.00;28.03.00;34.02.00;26.00.00;-;05.06;70.00.00;TS    ;12;1009.05.00;8.890.671.270.734.420;5.860.995.497.880.430;8.459.440.032.172.170;80.00.00;82.00.00;4.416.666.666.666.660;BL;11.00;330.00.00;
2021;2;13.00;26.06.00;32.06.00;29.08.00;28.09.00;28.05.00;33.00.00;25.04.00;22.05;07.01;88.75;TS RA  ;13;1011.05.00;8.349.751.167.822.240;6.053.782.991.276.420;756.119.273.332.423;76.00.00;81.00.00;5.125;B;19.00;270.00.00;
2021;2;14.00;27.00.00;32.04.00;28.06.00;28.08.00;27.05.00;32.06.00;24.00.00;13.04;05.04;67.05.00;TS RA  ;14;1011.08.00;8.972.528.558.852.830;6.568.132.808.454.040;7.500.257.048.572.260;80.00.00;83.00.00;5.333.333.333.333.330;B;15.00;300.00.00;
2021;2;15.00;25.07.00;32.06.00;29.03.00;28.03.00;28.03.00;34.03.00;25.07.00;18.05;06.02;77.05.00;TS RA Lightning;15;1011.00.00;9.262.483.586.619.100;6.285.916.939.994.310;7.810.259.730.625.510;82.00.00;79.00.00;4.708.333.333.333.330;BL;10.00;290.00.00;
2021;2;16.00;27.00.00;33.00.00;30.03.00;29.03.00;28.04.00;33.04.00;24.08.00;-;07.06;95.00.00;TS    ;16;1010.02.00;8.590.249.604.768.770;62.555.244.415.838.900;7.060.383.825.737.720;76.00.00;80.00.00;5.916.666.666.666.660;BL;21.00;310.00.00;
2021;2;17.00;25.05.00;33.06.00;26.04.00;27.08.00;27.08.00;33.08.00;25.02.00;64.08.00;05.07;71.25.00;TS RA Lightning;17;1009.08.00;9.421.666.413.277.110;60.695.224.712.300.800;8.266.594.833.556.780;83.00.00;80.00.00;05.00;B;11.00;300.00.00;
2021;2;18.00;26.00.00;33.05.00;28.07.00;28.06.00;28.09.00;34.05.00;26.00.00;01.04;07.08;97.05.00;  RA  ;18;1010.04.00;8.250.960.343.341.820;5.727.594.635.156.610;7.574.469.711.480.630;75.00.00;76.00.00;6.166.666.666.666.660;BL;18.00;330.00.00;
2021;2;19.00;26.08.00;31.09.00;28.06.00;28.05.00;27.09.00;32.01.00;25.05.00;-;04.04;5.500.000.000.000.000;     ;19;1010.00.00;8.432.426.114.176.710;6.177.264.009.201.240;7.569.392.615.731.560;77.00.00;77.00.00;5.916.666.666.666.660;B;14.00;290.00.00;
2021;2;20.00;26.00.00;31.05.00;25.04.00;27.02.00;26.07.00;32.05.00;25.00.00;-;01.00;12.05;     ;20;1010.06.00;855.862.252.803.843;6.630.946.985.698.380;9.176.423.123.386.560;82.00.00;86.00.00;4.375;B;21.00;260.00.00;
2021;2;21.00;25.06.00;32.05.00;26.06.00;27.06.00;28.00.00;34.00.00;25.04.00;18;07.03;91.25.00;TS RA  ;21;1011.09.00;8.860.521.761.475.260;6.162.230.522.624.100;9.041.467.422.295.300;82.00.00;80.00.00;4.708.333.333.333.330;B;11.00;160.00.00;
2021;2;22.00;25.07.00;31.05.00;28.04.00;27.08.00;28.02.00;32.02.00;25.04.00;10.04;01.05;0,802083333;  RA  ;22;1010.07.00;9.101.860.327.701.100;6.940.288.984.888.300;7.768.986.333.665.210;82.00.00;82.00.00;5.791.666.666.666.660;B;11.00;310.00.00;
2021;2;23.00;26.06.00;31.04.00;27.09.00;28.01.00;27.08.00;32.02.00;25.03.00;-;02.01;26.25.00;     ;23;1007.09.00;8.731.227.976.924.250;5.903.424.781.584.270;8.691.737.750.798.430;80.00.00;83.00.00;7.166.666.666.666.660;B;17.00;70.00.00;
2021;2;24.00.00;26.02.00;29.08.00;28.08.00;27.08.00;27.08.00;30.05.00;24.08.00;38.01.00;02.03;28.749.999.999.999.900;  RA  ;24;1006.00.00;9.032.925.307.559.570;7.293.984.299.242.370;751.067.839.724.899;82.00.00;81.00.00;7.666.666.666.666.660;B;15.00;290.00.00;
2021;2;25.00.00;25.04.00;28.00.00;27.06.00;26.06.00;26.07.00;30.04.00;25.00.00;26.04.00;02.02;27.500.000.000.000.000;  RA  ;25;1007.06.00;9.502.249.789.790.690;876.904.851.741.927;8.459.440.032.172.170;91.00.00;88.00.00;05.05;BL;25.00.00;130.00.00;
2021;2;26.00.00;26.02.00;31.00.00;28.03.00;27.09.00;28.02.00;33.05.00;25.05.00;9;06.05;81.25.00;TS RA Lightning;26;1007.06.00;9.032.925.307.559.570;7.037.064.327.856.350;8.336.465.062.467.630;84.00.00;84.00.00;5.166.666.666.666.660;BL;16.00;300.00.00;
2021;2;27.00.00;26.02.00;34.00.00;25.01.00;27.09.00;26.05.00;34.02.00;23.06;22.03;05.00;62.05.00;TS RA  ;27;1008.04.00;9.032.925.307.559.570;6.097.823.919.749.410;949.881.630.915.742;84.00.00;88.00.00;04.00;TG;17.00;280.00.00;
2021;2;28.00.00;24.06.00;32.06.00;26.00.00;27.00.00;27.03.00;33.00.00;24.06.00;74.08.00;03.07;46.25.00;  RA  ;28;1009.02.00;9.576.707.288.115.010;6.344.489.039.279.680;9.028.585.167.216.600;86.00.00;86.00.00;27.916.666.666.666.600;BL;07.00;180.00.00;
2021;3;01.00;25.06.00;33.06.00;28.00.00;28.02.00;28.03.00;34.02.00;25.02.00;21.05;03.02;40.00.00;TS RA  ;01.00;1010.08.00;9.504.508.007.848.050;59.573.172.078.111.500;7.892.403.142.117.560;82.00.00;83.00.00;38.333.333.333.333.300;T;21.00;180.00.00;
2021;3;02.00;26.04.00;33.02.00;25.02.00;27.08.00;27.00.00;33.06.00;23.06;24.02.00;03.04;42.05.00;TS RA  ;02.00;1011.04.00;9.433.225.341.453.430;63.848.985.504.591.800;9.010.748.481.432.000;86.00.00;85.00.00;5.375;U;29.00.00;100.00.00;
2021;3;03.00;25.02.00;32.00.00;28.04.00;27.07.00;27.09.00;32.04.00;24.08.00;20.08;04.09;6.125.000.000.000.000;  RA  ;03.00;1011.01.00;9.172.637.247.271.510;6.663.043.910.631.730;833.995.240.550.639;83.00.00;82.00.00;38.333.333.333.333.300;B;10.00;350.00.00;
2021;3;04.00;24.08.00;31.08.00;28.00.00;27.04.00;27.05.00;32.08.00;24.06.00;00.08;04.08;60.00.00;TS RA  ;04.00;1011.07.00;9.662.327.570.662.340;6.711.351.805.563.020;8.472.525.309.285.920;86.00.00;84.00.00;4.791.666.666.666.660;BL;15.00;320.00.00;
2021;3;05.00;25.04.00;33.00.00;29.00.00;28.02.00;27.05.00;33.02.00;23.08;14.02;05.06;70.00.00;TS RA  ;05.00;1011.07.00;9.095.705.306.620.100;6.026.014.815.147.460;8.076.528.192.707.860;81.00.00;83.00.00;38.333.333.333.333.300;U;25.00.00;170.00.00;
2021;3;06.00;25.06.00;29.02.00;28.04.00;27.02.00;27.00.00;33.05.00;24.05.00;41.03.00;00.07;0,385416667;  RA Lightning;06.00;1011.02.00;958.633.603.365.631;7.463.184.462.827.450;7.981.134.216.844.920;87.00.00;86.00.00;38.333.333.333.333.300;U;12.00;100.00.00;
2021;3;07.00;25.04.00;30.03.00;28.03.00;27.04.00;27.02.00;31.00.00;24.06.00;07.05;04.05;56.25.00;  RA  ;07.00;1011.03.00;9.176.423.123.386.560;751.900.251.597.877;8.264.018.508.563.040;85.00.00;84.00.00;5.291.666.666.666.660;BL;13.00;340.00.00;
2021;3;08.00;25.00.00;31.06.00;28.05.00;27.05.00;27.05.00;32.07.00;25.00.00;11.09;05.03;66.25.00;  RA  ;08.00;1011.04.00;9.332.637.261.393.610;6.637.430.989.575.630;791.453.968.715.332;83.00.00;80.00.00;05.00;B;15.00;300.00.00;
2021;3;09.00;25.05.00;31.09.00;29.00.00;28.00.00;28.06.00;32.04.00;25.04.00;TTU;02.04;30.00.00;  RA  ;09.00;1010.07.00;8.778.549.878.021.400;5.826.855.170.740.180;7.520.991.612.349.520;77.00.00;77.00.00;3.875;BL;15.00;310.00.00;
2021;3;10.00;26.09.00;30.08.00;27.02.00;28.00.00;27.09.00;32.00.00;26.02.00;00.02;03.02;40.00.00;  RA  ;10.00;1011.06.00;8.360.631.233.434.020;7.025.431.742.012.520;8.596.375.009.384.040;81.00.00;81.00.00;4.083.333.333.333.330;BL;10.00;320.00.00;
2021;3;11.00;26.04.00;32.02.00;26.04.00;27.09.00;27.04.00;32.08.00;24.02.00;-;03.00;37.05.00;     ;11.00;1011.07.00;8.571.477.167.459.540;6.257.846.019.952.730;8.115.807.983.141.400;79.00.00;79.00.00;05.00;BL;11.00;340.00.00;
2021;3;12.00;25.03.00;33.00.00;24.08.00;27.01.00;27.06.00;33.02.00;24.06.00;1;05.08;72.05.00;  RA  ;12.00;1011.07.00;8.772.936.180.164.760;56.880.521.396.064.000;9.247.088.262.242.750;81.00.00;80.00.00;04.25;BL;16.00;320.00.00;
2021;3;13.00;25.01.00;33.07.00;24.04.00;27.01.00;27.04.00;34.06.00;24.02.00;13.06;06.06;82.05.00;TS RA  ;13.00;1011.06.00;9.089.449.208.238.990;5.964.654.294.539.600;9.490.583.201.544.270;84.00.00;84.00.00;32.083.333.333.333.300;B;13.00;320.00.00;
2021;3;14.00;25.03.00;33.02.00;28.08.00;28.02.00;28.01.00;33.07.00;24.08.00;13.06;04.04;5.500.000.000.000.000;TS RA  ;14.00;1010.02.00;9.255.734.073.449.950;5.429.064.351.526.000;813.945.593.906.994;80.00.00;80.00.00;34.583.333.333.333.300;U;09.00;30.00.00;
2021;3;15.00;25.06.00;33.04.00;29.05.00;28.05.00;29.02.00;33.08.00;25.06.00;01.03;07.05;93.75;  RA  ;15.00;1010.03.00;9.180.168.143.581.010;61.686.289.189.657.100;7.750.580.158.753.320;81.00.00;79.00.00;3.375;U;08.00;330.00.00;
2021;3;16.00;26.08.00;29.05.00;28.06.00;27.09.00;28.01.00;32.06.00;25.08.00;03.04;00.06;07.05;  RA  ;16.00;1010.08.00;9.123.598.014.520.160;7.750.580.158.753.320;8.346.872.963.731.320;86.00.00;85.00.00;25.416.666.666.666.600;U;07.00;10.00;
2021;3;17.00;26.02.00;30.08.00;29.00.00;28.01.00;28.06.00;32.08.00;25.00.00;8;03.01;38.75;  RA  ;17.00;1010.05.00;9.032.925.307.559.570;7.347.335.716.573.120;8.076.528.192.707.860;84.00.00;81.00.00;27.916.666.666.666.600;TL;07.00;40.00.00;
2021;3;18.00;26.08.00;33.08.00;30.00.00;29.04.00;28.04.00;34.04.00;25.00.00;-;05.09;73.75;TS    ;18.00;1008.05.00;8.890.671.270.734.420;5.533.005.868.405.980;7.705.525.422.069.950;78.00.00;78.00.00;03.05;B;12.00;290.00.00;
2021;3;19.00;25.08.00;33.05.00;30.04.00;28.09.00;28.09.00;34.00.00;25.08.00;29.02.00;08.00;100.00.00;TS RA  ;19.00;1009.01.00;8.865.682.829.400.100;6.006.047.876.412.940;7.195.797.343.114.360;77.00.00;79.00.00;4.458.333.333.333.330;B;12.00;330.00.00;
2021;3;20.00;26.08.00;33.06.00;30.04.00;29.04.00;29.06.00;33.07.00;25.08.00;23.03;07.07;96.25.00;  RA  ;20.00;1007.07.00;8.660.291.684.321.890;5.735.386.383.357.230;6.683.218.087.679.030;74.00.00;75.00.00;5.583.333.333.333.330;B;12.00;330.00.00;
2021;3;21.00;27.06.00;33.06.00;29.08.00;29.07.00;29.01.00;34.04.00;25.04.00;-;07.06;95.00.00;TS   Lightning;21.00;1007.00.00;8.237.990.451.903.910;58.459.408.741.925.400;796.947.592.063.912;76.00.00;78.00.00;4.708.333.333.333.330;BL;12.00;360.00.00;
2021;3;22.00;26.05.00;34.03.00;30.05.00;29.05.00;29.08.00;35.00.00;26.03.00;7;07.01;88.75;TS RA  ;22.00;1008.07.00;8.574.647.865.707.120;5.413.252.485.226.750;7.072.053.802.467.630;74.00.00;74.00.00;37.916.666.666.666.600;BL;11.00;340.00.00;
2021;3;23.00;27.02.00;32.03.00;29.04.00;29.00.00;28.02.00;33.06.00;24.04.00;-;05.04;67.05.00;    Lightning;23.00;1009.01.00;8.446.076.283.297.420;6.206.220.839.326.230;809.222.185.119.632;78.00.00;83.00.00;3.375;B;09.00;360.00.00;
2021;3;24.00.00;25.06.00;33.01.00;29.06.00;28.05.00;29.02.00;33.07.00;25.05.00;38;06.00;75.00.00;  RA  ;24.00.00;1009.02.00;9.341.746.228.939.550;62.048.421.178.372.200;782.359.623.324.487;82.00.00;79.00.00;26.666.666.666.666.600;U;09.00;330.00.00;
2021;3;25.00.00;27.04.00;33.01.00;29.00.00;29.02.00;28.09.00;33.04.00;25.08.00;1;05.01;6.374.999.999.999.990;  RA  ;25.00.00;1009.02.00;875.318.087.351.986;6.033.355.843.625.720;7.936.106.316.073.890;79.00.00;81.00.00;34.166.666.666.666.600;S;08.00;40.00.00;
2021;3;26.00.00;26.08.00;32.05.00;29.00.00;28.08.00;28.09.00;33.04.00;26.04.00;TTU;01.05;0,802083333;TS RA  ;26.00.00;1008.09.00;8.890.671.270.734.420;622.048.319.598.708;8.217.990.099.313.860;81.00.00;82.00.00;2.125;T;10.00;40.00.00;
2021;3;27.00.00;26.08.00;32.08.00;29.04.00;29.00.00;28.08.00;34.00.00;25.03.00;00.05;04.05;56.25.00;TS RA Lightning;27.00.00;1008.07.00;9.280.314.120.005.830;6.772.648.566.841.950;795.296.241.834.943;83.00.00;81.00.00;2.875;U;08.00;360.00.00;
2021;3;28.00.00;26.02.00;34.09.00;29.00.00;29.01.00;29.08.00;35.02.00;26.02.00;-;06.09;86.25.00;     ;28.00.00;1008.07.00;864.234.912.104.948;56.728.791.917.427.400;8.076.528.192.707.860;78.00.00;77.00.00;26.666.666.666.666.600;BL;10.00;130.00.00;
2021;3;29.00.00;27.02.00;32.04.00;29.08.00;29.02.00;29.03.00;33.02.00;26.00.00;-;02.05;31.25.00;TS    ;29.00.00;1008.04.00;8.976.980.912.726.530;6.449.001.924.820.020;7.764.202.434.679.440;80.00.00;80.00.00;29.166.666.666.666.600;U;09.00;40.00.00;
2021;3;30.00.00;27.02.00;28.06.00;28.09.00;28.00.00;27.05.00;30.03.00;25.05.00;-;00.06;07.05;     ;30.00.00;1007.03.00;8.900.299.557.647.020;8.419.126.792.711.940;7.931.837.635.889.580;85.00.00;85.00.00;2.625;BL;08.00;350.00.00;
2021;3;31.00.00;25.07.00;34.02.00;30.05.00;29.00.00;29.04.00;35.00.00;25.05.00;03.05;07.09;98.75;TS RA Lightning;31.00.00;1006.03.00;9.101.860.327.701.100;55.651.107.659.603.700;7.528.818.477.215.040;78.00.00;79.00.00;4.125;BL;10.00;160.00.00;
2021;4;1;26.05.00;33.05.00;30.02.00;29.02.00;28.07.00;34.04.00;25.09.00;04.06;05.04;67.05.00;TS RA  ;1;1006;9.275.554.533.892.950;6.637.142.882.133.280;7.315.651.806.356.880;81;80;38.333.333.333.333.300;BL;14;300;
2021;4;2;26.05.00;32.02.00;31;29.01.00;29.07.00;33.05.00;26.02.00;TTU;05.02;65;  RA  ;2;1007.01.00;8.421.995.597.919.070;6.555.177.739.032.980;7.100.714.699.271.730;76;77;4.041.666.666.666.660;B;10;340;
2021;4;3;27.04.00;35.07.00;29.06.00;30;30.02.00;36;26.08.00;-;8;100;     ;3;1008.04.00;8.828.969.796.249.640;4.819.851.817.176.030;7.282.982.508.039.590;74;73;4.375;B;13;340;
2021;4;4;27.06.00;35;27.04.00;29.04.00;28.05.00;35.04.00;25;-;06.04;80;TS    ;4;1008.04.00;8.459.440.032.172.170;5.522.107.859.728.400;8.156.777.857.178.830;76;79;4.416.666.666.666.660;B;14;160;
2021;4;5;26.03.00;34;30.08.00;29.04.00;30.01.00;35;26.02.00;12.06;06.07;83.75;  RA  ;5;1008.05.00;8.878.344.427.844.340;5.549.137.135.821.910;7.741.572.778.141.970;78;77;4.875;BL;10;300;
2021;4;6;27.08.00;27.06.00;27;27.06.00;27.06.00;32.08.00;25.06.00;-;01.07;21.25;TS    ;6;1009.03.00;8.027.445.638.041.880;8.018.960.841.692.850;9.049.829.607.025.420;83;86;38.333.333.333.333.300;BL;19;310;
2021;4;7;26.08.00;30.04.00;27.01.00;27.08.00;27.08.00;32.05.00;26;06.01;02.06;32.05.00;TS RA  ;7;1009.03.00;8.736.803.915.131.280;7.523.922.944.922.110;8.745.057.408.714.350;84;86;38.333.333.333.333.300;BL;11;300;
2021;4;8;26.04.00;33.01.00;29.02.00;28.08.00;28.03.00;33.03.00;25.08.00;07.05;04.02;52.05.00;TS RA  ;8;1007.07.00;9.194.751.106.939.370;6.147.468.131.846.460;7.805.768.284.876.570;81;81;05.05;BL;9;320;
2021;4;9;26.06.00;33.04.00;30.08.00;29.04.00;29.05.00;34.05.00;26.05.00;05.08;06.08;85;  RA Lightning;9;1009.01.00;85.778.016.219.296;61.686.289.189.657.100;7.217.859.456.011.100;76;77;4.166.666.666.666.660;BL;14;350;
2021;4;10;27.02.00;31.02.00;28.08.00;28.06.00;28.02.00;32.08.00;24.04.00;TTU;03.01;38.75;TS RA  ;10;1011.02.00;8.446.076.283.297.420;7.367.930.641.426.570;8.497.891.009.814.000;82;83;31.666.666.666.666.600;TG;9;360;
2021;4;11;25.04.00;32.04.00;30.02.00;28.04.00;29.03.00;33.07.00;25.04.00;01.08;06.06;82.05.00;TS RA  ;11;1012.09.00;8.855.304.402.861.800;60.389.171.719.990.900;7.315.651.806.356.880;78;77;0,177083333;TG;12;340;
2021;4;12;26.07.00;34.04.00;29;29.02.00;29.03.00;35;26.02.00;TTU;06.06;82.05.00;TS RA  ;12;1012.02.00;8.888.232.117.273.680;57.422.040.007.203.500;8.217.990.099.313.860;79;79;03.25;BL;9;320;
2021;4;13;27;34.01.00;29;29.03.00;29.02.00;34.01.00;26.01.00;03.03;06.03;78.75;  RA  ;13;1012.03.00;9.049.829.607.025.420;54.500.246.266.789.300;7.936.106.316.073.890;79;77;25.416.666.666.666.600;S;8;70;
2021;4;14;27.01.00;31.04.00;29.05.00;28.08.00;28.08.00;33.02.00;24.08.00;-;05.07;71.25.00;     ;14;1012.02.00;8.593.320.426.278.600;6.997.066.069.376.440;7.478.721.885.027.760;79;79;3.875;U;7;300;
2021;4;15;25.06.00;33.07.00;29.04.00;28.06.00;29.03.00;34.05.00;25.06.00;-;07.06;95;     ;15;1011.06.00;8.702.432.997.894.200;557.914.318.524.779;7.473.569.484.403.630;76;75;32.083.333.333.333.300;T;9;60;
2021;4;16;27;33.08.00;31;29.07.00;30;34.02.00;25.08.00;-;8;100;     ;16;1012.01.00;8.666.145.969.485.340;5.750.855.219.730.000;6.847.518.262.642.070;75;74;39.166.666.666.666.600;U;8;120;
2021;4;17;27;33.04.00;30.04.00;29.05.00;29.07.00;35;26;-;8;100;     ;17;1011.08.00;8.590.249.604.768.770;53.917.184.009.949.000;5.941.998.385.053.240;71;72;3.875;TG;10;120;
2021;4;18;27;34;29;29.03.00;29.03.00;34.06.00;25;-;07.06;95;TS    ;18;1013;8.289.424.882.832.310;4.865.502.597.970.200;8.076.528.192.707.860;74;75;4.333.333.333.333.330;TG;10;120;
2021;4;19;25.04.00;33.05.00;30.04.00;28.07.00;29.06.00;35.04.00;25.04.00;01.06;8;100;  RA  ;19;1012.06.00;9.176.423.123.386.560;5.672.519.400.076.470;7.326.320.590.951.240;78;74;03.05;TG;10;130;
2021;4;20;26.02.00;33.06.00;30.04.00;29.01.00;29.02.00;34.04.00;24.08.00;-;07.04;92.05.00;     ;20;1011.07.00;8.411.395.800.824.290;45.208.431.853.281.200;6.937.621.410.439.920;71;67;03.25;T;10;110;
2021;4;21;25.02.00;33.06.00;30.04.00;28.06.00;29.02.00;33.06.00;25.01.00;-;07.08;97.05.00;     ;21;1012.04.00;8.063.632.775.645.900;508.892.728.098.128;6.308.544.839.275.150;69;68;4;TG;13;140;
2021;4;22;26.01.00;33.01.00;30.02.00;28.09.00;29.04.00;34;25.02.00;-;07.09;98.75;     ;22;1011.09.00;8.103.081.695.581.580;5.257.732.110.836.590;6.797.172.153.416.030;71;69;35.416.666.666.666.600;TL;9;120;
2021;4;23;26.01.00;32.06.00;29.06.00;28.06.00;29.04.00;34.05.00;26;-;07.09;98.75;     ;23;1011.08.00;79.523.574.966.565;505.045.535.447.036;7.483.847.792.004.360;71;70;29.583.333.333.333.300;TL;7;10;
2021;4;24;26.05.00;33.04.00;30.02.00;29.02.00;29.07.00;33.06.00;26.01.00;TTU;07.09;98.75;  RA  ;24;1011.05.00;8.270.451.036.372.830;5.283.970.951.068.220;7.381.542.812.744.160;73;71;4.375;TG;11;120;
2021;4;25;26.05.00;33.02.00;29.07.00;29;29.04.00;34.03.00;26.05.00;-;05.04;67.05.00;     ;25;1012;8.270.451.036.372.830;5.593.409.834.690.550;6.959.288.039.511.870;73;75;35.416.666.666.666.600;TG;10;120;
2021;4;26;27.06.00;34.05.00;30;29.09.00;30.02.00;35.04.00;27.02.00;-;07.07;96.25.00;     ;26;1011.09.00;8.459.440.032.172.170;58.038.188.857.350.300;717.328.099.909.835;75;74;5.083.333.333.333.330;TG;11;140;
2021;4;27;28.04.00;34;30.08.00;30.04.00;30.04.00;34.05.00;26.02.00;-;07.06;95;     ;27;1012.02.00;8.485.339.814.969.880;5.229.542.773.842.080;658.462.913.116.989;72;69;5.916.666.666.666.660;TG;11;140;
2021;4;28;27;32.05.00;29.04.00;29;29;33.06.00;26.02.00;-;04.09;6.125.000.000.000.000;     ;28;1012.08.00;7.919.515.751.478.120;6.278.951.597.391.540;7.677.510.078.007.830;74;77;33.333.333.333.333.300;BL;10;40;
2021;4;29;26.08.00;32;29.01.00;28.07.00;29.04.00;33.04.00;26.08.00;2;07.03;91.25.00;  RA  ;29;1012.01.00;8.736.803.915.131.280;6.542.092.889.006.350;7.940.352.982.567.800;80;78;4.458.333.333.333.330;TG;9;110;
2021;4;30;27.06.00;34.01.00;29.08.00;29.08.00;29.08.00;34.06.00;27;-;06.09;86.25.00;     ;30;1010.09.00;8.533.799.824.315.090;5.611.000.977.698.220;756.119.273.332.423;76;77;32.083.333.333.333.300;T;11;130;
2021;4; ; ; ; ; ; ; ; ; ; ; ; ; ; ; ; ; ; ; ; ; ; ; ;
2021;5;01.00;28.00.00;34.02.00;29.09.00;30.00.00;30.00.00;35.01.00;26.05.00;-;07.00;87.05.00;TS    ;01.00;1012.00.00;869.450.737.989.894;5.945.633.891.140.420;7.633.384.622.965.670;77.00.00;77.00.00;39.583.333.333.333.300;TG;09.00;120.00.00;
2021;5;02.00;27.04.00;33.06.00;29.08.00;29.06.00;29.08.00;33.08.00;27.00.00;3;07.06;95.00.00;  RA  ;02.00;1011.01.00;9.212.127.364.764.370;59.573.172.078.111.500;783.237.395.212.866;81.00.00;78.00.00;05.05;TG;14.00;140.00.00;
2021;5;03.00;28.00.00;34.04.00;29.07.00;30.00.00;30.00.00;35.03.00;27.03.00;-;06.04;80.00.00;     ;03.00;1009.05.00;8.472.525.309.285.920;60.150.227.718.567.300;7.691.625.404.147.590;77.00.00;77.00.00;5.125;TG;12.00;150.00.00;
2021;5;04.00;28.02.00;33.05.00;30.02.00;30.00.00;30.00.00;34.08.00;26.08.00;-;07.07;96.25.00;     ;04.00;1009.01.00;847.896.593.674.728;6.404.660.334.144.460;7.580.682.328.878.630;77.00.00;77.00.00;5.875;TG;11.00;120.00.00;
2021;5;05.00;28.07.00;34.02.00;30.08.00;30.06.00;30.04.00;35.00.00;26.05.00;-;07.08;97.05.00;     ;05.00;1009.00.00;8.422.408.537.113.170;56.728.252.472.099.800;7.217.859.456.011.100;74.00.00;74.00.00;4.916.666.666.666.660;TG;10.00;130.00.00;
2021;5;06.00;27.05.00;33.08.00;30.06.00;29.09.00;30.03.00;34.02.00;27.02.00;-;06.05;81.25.00;     ;06.00;1009.05.00;8.381.876.865.103.570;54.252.829.206.189.500;7.077.844.325.470.120;73.00.00;73.00.00;02.05;TL;07.00;140.00.00;
2021;5;07.00;27.07.00;32.05.00;30.00.00;29.05.00;29.06.00;33.07.00;24.03.00;-;04.04;5.500.000.000.000.000;TS    ;07.00;1010.02.00;868.615.487.603.865;6.694.349.404.735.770;790.920.832.572.861;80.00.00;78.00.00;37.083.333.333.333.300;TL;09.00;140.00.00;
2021;5;08.00;27.00.00;32.00.00;29.06.00;28.09.00;28.08.00;34.06.00;25.00.00;27.05.00;04.07;58.75;  RA  ;08.00;1010.07.00;9.361.892.430.048.490;6.969.372.128.248.330;7.961.261.403.540.500;84.00.00;79.00.00;25.416.666.666.666.600;U;06.00;60.00.00;
2021;5;09.00;25.06.00;33.01.00;29.09.00;28.06.00;29.02.00;34.04.00;25.06.00;-;07.05;93.75;     ;09.00;1010.04.00;854.548.699.350.217;5.257.732.110.836.590;63.964.015.208.975.100;72.00.00;72.00.00;3.125;TG;08.00;110.00.00;
2021;5;10.00;26.08.00;34.02.00;29.08.00;29.04.00;29.07.00;34.05.00;26.06.00;-;07.06;95.00.00;     ;10.00;1009.09.00;8.132.459.406.590.080;5.194.324.744.140.980;7.096.144.059.935.790;71.00.00;73.00.00;5.375;TG;12.00;120.00.00;
2021;5;11.00;27.04.00;34.00.00;30.04.00;29.08.00;30.02.00;34.08.00;27.02.00;-;07.08;97.05.00;     ;11.00;1009.09.00;8.452.793.457.568.400;57.661.728.854.405.600;706.623.370.407.291;74.00.00;73.00.00;5.541.666.666.666.660;TG;12.00;140.00.00;
2021;5;12.00;27.08.00;34.00.00;30.00.00;29.09.00;30.01.00;34.08.00;25.06.00;-;07.08;97.05.00;     ;12.00;1009.06.00;8.318.752.610.992.920;5.335.288.760.163.020;717.328.099.909.835;73.00.00;71.00.00;5.666.666.666.666.660;TG;13.00;140.00.00;
2021;5;13.00;27.00.00;33.04.00;30.00.00;29.04.00;29.07.00;35.00.00;26.06.00;-;07.03;91.25.00;     ;13.00;1008.03.00;8.439.287.507.978.120;56.096.081.358.812.700;717.328.099.909.835;74.00.00;73.00.00;5.083.333.333.333.330;TG;16.00;130.00.00;
2021;5;14.00;27.06.00;34.01.00;30.06.00;30.00.00;30.04.00;34.08.00;26.06.00;-;07.08;97.05.00;     ;14.00;1008.02.00;8.459.440.032.172.170;5.133.374.903.417.730;6.571.089.659.970.010;72.00.00;69.00.00;4.625;TG;12.00;140.00.00;
2021;5;15.00;27.01.00;34.00.00;29.06.00;29.05.00;30.00.00;34.05.00;26.03.00;-;07.08;97.05.00;     ;15.00;1008.09.00;851.786.783.801.742;57.661.728.854.405.600;7.416.646.198.878.500;76.00.00;74.00.00;4.166.666.666.666.660;T;12.00;130.00.00;
2021;5;16.00;26.06.00;33.07.00;30.02.00;29.03.00;29.07.00;35.02.00;25.06.00;-;07.08;97.05.00;     ;16.00;1009.04.00;865.437.471.238.459;5.743.139.825.589.960;6.797.172.153.416.030;75.00.00;72.00.00;37.083.333.333.333.300;TG;13.00;140.00.00;
2021;5;17.00;26.05.00;33.04.00;29.07.00;29.00.00;29.09.00;34.07.00;26.04.00;-;07.05;93.75;     ;17.00;1009.01.00;8.498.182.659.422.240;5.775.148.307.394.350;7.288.497.568.801.160;75.00.00;73.00.00;4.083.333.333.333.330;T;10.00;120.00.00;
2021;5;18.00;26.09.00;33.04.00;30.06.00;29.05.00;29.07.00;34.00.00;25.03.00;-;06.07;83.75;     ;18.00;1010.03.00;8.511.375.948.893.900;5.664.584.557.037.470;6.633.621.640.898.530;73.00.00;75.00.00;4.333.333.333.333.330;TG;10.00;130.00.00;
2021;5;19.00;26.02.00;30.07.00;27.08.00;27.07.00;28.04.00;32.06.00;26.02.00;89.03.00;02.09;36.25.00;  RA  ;19.00;1009.06.00;9.511.138.771.291.220;7.019.571.079.409.010;7.883.384.427.875.450;85.00.00;81.00.00;24.583.333.333.333.300;S;09.00;130.00.00;
2021;5;20.00;26.06.00;32.05.00;28.06.00;28.06.00;28.09.00;33.02.00;25.08.00;-;04.09;6.125.000.000.000.000;     ;20.00;1011.03.00;8.885.779.948.974.680;6.278.951.597.391.540;7.778.325.870.166.970;80.00.00;79.00.00;35.833.333.333.333.300;T;09.00;340.00.00;
2021;5;21.00;27.02.00;34.02.00;30.02.00;29.07.00;29.08.00;34.08.00;26.00.00;-;07.08;97.05.00;     ;21.00;1012.03.00;8.296.873.755.837.060;51.421.332.163.866.500;7.184.596.735.571.940;72.00.00;74.00.00;3.125;TG;09.00;140.00.00;
2021;5;22.00;26.06.00;33.05.00;30.04.00;29.03.00;29.08.00;34.00.00;26.06.00;-;07.08;97.05.00;     ;22.00;1010.08.00;8.425.491.068.126.220;5.346.302.249.795.580;6.809.952.255.247.190;73.00.00;74.00.00;5.458.333.333.333.330;T;10.00;120.00.00;
2021;5;23.00;27.00.00;32.05.00;29.07.00;29.01.00;29.03.00;32.07.00;26.09.00;-;04.07;58.75;     ;23.00;1010.09.00;8.666.145.969.485.340;651.500.115.285.397;7.355.068.380.826.380;78.00.00;77.00.00;35.416.666.666.666.600;T;08.00;130.00.00;
2021;5;24.00.00;27.05.00;33.04.00;30.06.00;29.08.00;30.02.00;33.08.00;27.02.00;-;07.08;97.05.00;     ;24.00.00;1012.03.00;8.605.442.464.121.220;60.551.625.545.460.300;6.822.602.122.405.350;75.00.00;74.00.00;4.958.333.333.333.330;TG;10.00;120.00.00;
2021;5;25.00.00;28.00.00;34.01.00;29.06.00;29.09.00;30.00.00;35.01.00;27.05.00;-;07.02;90.00.00;     ;25.00.00;1011.07.00;775.001.101.017.608;5.938.371.983.525.670;7.961.261.403.540.500;73.00.00;77.00.00;4.217.391.304.347.820;TG;09.00;110.00.00;
2021;5;26.00.00;28.02.00;33.09.00;29.08.00;30.00.00;29.06.00;34.01.00;27.02.00;-;05.06;70.00.00;TS    ;26.00.00;1011.02.00;8.700.003.527.018.880;614.690.172.122.218;7.161.848.531.643.070;77.00.00;79.00.00;5.458.333.333.333.330;TG;13.00;140.00.00;
2021;5;27.00.00;27.08.00;33.00.00;30.00.00;29.07.00;30.02.00;34.00.00;27.04.00;-;06.08;85.00.00;     ;27.00.00;1011.00.00;8.763.814.578.254.770;6.488.463.066.854.180;7.977.607.128.619.740;80.00.00;78.00.00;6.375;TG;13.00;140.00.00;
2021;5;28.00.00;28.00.00;32.03.00;29.02.00;29.04.00;29.02.00;33.08.00;25.08.00;TTU;05.01;6.374.999.999.999.990;  RA  ;28.00.00;1012.02.00;8.472.525.309.285.920;650.188.026.263.269;7.944.577.787.810.700;78.00.00;81.00.00;5.291.666.666.666.660;TG;14.00;130.00.00;
2021;5;29.00.00;28.09.00;34.00.00;29.09.00;30.04.00;30.00.00;34.07.00;26.09.00;05.03;07.08;97.05.00;  RA  ;29.00.00;1011.08.00;8.428.921.402.907.740;59.310.746.248.812.800;7.768.696.928.420.330;76.00.00;76.00.00;36.666.666.666.666.600;T;09.00;140.00.00;
2021;5;30.00.00;27.01.00;31.01.00;29.05.00;28.07.00;29.00.00;32.04.00;26.08.00;TTU;03.09;48.75;  RA  ;30.00.00;1011.02.00;8.821.344.227.467.060;6.916.491.810.310.840;7.750.580.158.753.320;81.00.00;80.00.00;02.05;U;07.00;150.00.00;
2021;5;31.00.00;27.01.00;31.06.00;28.04.00;28.06.00;29.00.00;32.02.00;26.08.00;TTU;05.05;68.75;  RA  ;31.00.00;1009.07.00;912.930.883.546.559;6.760.239.294.546.630;7.981.134.216.844.920;82.00.00;80.00.00;39.166.666.666.666.600;TG;08.00;100.00.00;
2021;6;01.00;26.09.00;33.01.00;30;29.02.00;29.03.00;33.06.00;26.04.00;TTU;07.04;92.05.00;  RA  ;01.00;1010.03.00;8.511.375.948.893.900;62.624.292.141.188.400;7.705.525.422.069.950;77;81;4.833.333.333.333.330;TG;16;150;
2021;6;02.00;27.08.00;33.02.00;29.08.00;29.07.00;29.05.00;34.03.00;26.08.00;12.02;07.04;92.05.00;  RA  ;02.00;1010.07.00;899.006.044.025.714;6.040.660.647.014.440;7.494.020.855.760.660;79;79;4.625;TG;10;140;
2021;6;03.00;28;33.04.00;30;29.09.00;29.09.00;33.08.00;27;-;07.08;97.05.00;     ;03.00;1011.04.00;8.843.865.189.170.350;6.282.940.745.134.300;7.705.525.422.069.950;79;77;5.666.666.666.666.660;TG;13;130;
2021;6;04.00;27.06.00;34.03.00;30.02.00;29.09.00;30.01.00;34.08.00;27.04.00;00.04;07.08;97.05.00;  RA  ;04.00;1011.08.00;898.574.620.701.041;6.063.208.402.982.800;7.714.674.669.916.430;79;78;5.041.666.666.666.660;TG;13;150;
2021;6;05.00;28;34.03.00;30;30.01.00;30.01.00;35.01.00;26.06.00;-;07.08;97.05.00;     ;05.00;1011.07.00;8.994.329.909.209.470;58.433.307.274.709.900;7.304.873.549.906.260;78;76;4.875;TG;12;150;
2021;6;06.00;27.08.00;34.04.00;30.04.00;30.01.00;30.03.00;35;27;-;07.08;97.05.00;     ;06.00;1011.04.00;8.466.016.992.712.470;5.056.100.613.161.340;7.457.811.767.655.980;74;74;4.333.333.333.333.330;T;9;100;
2021;6;07.00;27.03.00;32.09.00;29.08.00;29.03.00;29.06.00;33.06.00;26.02.00;-;07.04;92.05.00;     ;07.00;1012.03.00;8.300.568.613.642.000;642.329.663.806.745;783.237.395.212.866;77;77;22.916.666.666.666.600;TL;7;50;
2021;6;08.00;26.05.00;33.05.00;30.05.00;29.03.00;29.06.00;34.04.00;25.08.00;TTU;07.07;96.25.00;  RA  ;08.00;1012.01.00;8.651.392.440.312.200;55.629.773.066.284.200;7.136.585.117.988.140;75;75;4.125;TG;10;140;
2021;6;09.00;27.01.00;34.07.00;29.08.00;29.07.00;29.06.00;35;26.04.00;02.08;07.06;95;  RA  ;09.00;1011.07.00;8.745.057.408.714.350;5.445.754.521.759.550;783.237.395.212.866;77;78;32.083.333.333.333.300;TG;11;60;
2021;6;10.00;27.08.00;34.05.00;29.01.00;29.08.00;29.04.00;35.07.00;26.07.00;-;07.03;91.25.00;     ;10.00;1010.03.00;8.614.367.824.732.600;5.535.517.600.506.400;8.010.288.209.331.210;77;77;39.583.333.333.333.300;TG;11;130;
2021;6;11.00;27.09.00;34.08.00;29.07.00;30.01.00;29.08.00;35;26.08.00;-;06.07;83.75;     ;11.00;1010.03.00;8.469.279.671.462.470;5.825.971.866.606.810;7.896.560.696.950.600;77;77;38.333.333.333.333.300;TG;11;120;
2021;6;12.00;27;33.07.00;29.07.00;29.04.00;29.04.00;34;26.08.00;TTU;7;87.05.00;  RA  ;12.00;1011.07.00;8.895.510.898.878.530;60.205.481.108.569.900;755.625.771.965.917;78;78;3.625;TG;10;120;
2021;6;13.00;27.04.00;34.02.00;29.08.00;29.07.00;29.09.00;34.08.00;26.06.00;-;07.04;92.05.00;     ;13.00;1012;8.452.793.457.568.400;56.728.252.472.099.800;7.427.096.201.770.800;75;76;5.083.333.333.333.330;TG;12;140;
2021;6;14.00;27.06.00;31.04.00;29;28.09.00;28.09.00;33;25.05.00;-;03.05;43.75;     ;14.00;1011.09.00;8.311.536.527.376.110;6.997.066.069.376.440;7.936.106.316.073.890;79;80;32.083.333.333.333.300;TG;10;130;
2021;6;15.00;27.04.00;31.02.00;26;28;27.07.00;34.08.00;25.07.00;-;03.07;46.25.00;TS    ;15.00;1010.02.00;875.318.087.351.986;7.175.610.541.149.310;9.028.585.167.216.600;84;85;04.25;S;17;170;
2021;6;16.00;26;33;29.04.00;28.06.00;28.06.00;33.02.00;25.04.00;06.01;4;50;  RA Lightning;16.00;1011.04.00;918.753.792.283.236;6.488.463.066.854.180;7.814.728.097.822.250;82;82;4.875;TG;13;180;
2021;6;17.00;26;32;27.04.00;27.09.00;28.01.00;32.06.00;25.06.00;09.02;02.09;36.25.00;  RA  ;17.00;1011.01.00;9.347.656.840.107.810;6.362.335.391.406.880;8.156.777.857.178.830;83;81;2.125;B;8;50;
2021;6;18.00;26;33.08.00;28.08.00;28.07.00;28.05.00;34;26;-;05.09;73.75;     ;18.00;1013.04.00;9.028.585.167.216.600;60.837.423.012.060.200;799.792.315.683.067;80;80;29.583.333.333.333.300;T;8;50;
2021;6;19.00;26.06.00;33.01.00;28.06.00;28.07.00;28.02.00;33.03.00;24.09.00;-;02.08;35;     ;19.00;1012.06.00;8.731.227.976.924.250;62.624.292.141.188.400;7.708.425.915.734.780;79;79;03.25;TG;12;60;
2021;6;20.00;25.03.00;28.01.00;28.01.00;26.07.00;27.08.00;32.06.00;25.01.00;-;03.09;48.75;    Lightning;20.00;1011.07.00;901.302.062.701.517;7.543.604.101.334.450;8.475.754.025.065.410;85;82;2.625;TG;9;140;
2021;6;21.00;25.08.00;31.06.00;28.06.00;28;28.01.00;32;25.05.00;-;04.05;56.25.00;     ;21.00;1012.02.00;8.786.856.847.981.740;6.394.518.647.294.010;791.889.797.069.995;80;81;3.125;TG;7;110;
2021;6;22.00;25.06.00;32.08.00;29.04.00;28.04.00;29.04.00;33.04.00;25.06.00;00.08;07.08;97.05.00;  RA  ;22.00;1012.03.00;893.999.783.973.894;61.259.915.381.739.400;7.677.510.078.007.830;79;76;4.375;TG;12;130;
2021;6;23.00;27.06.00;31.04.00;28.08.00;28.09.00;29.03.00;34.06.00;26.05.00;-;05.08;72.05.00;     ;23.00;1012;8.758.525.622.462.760;6.809.715.082.424.870;8.353.722.184.375.970;82;79;4.541.666.666.666.660;TG;13;130;
2021;6;24.00.00;28.01.00;26;27.02.00;27.04.00;27.03.00;32.04.00;24.08.00;-;04.05;56.25.00;     ;24.00.00;1011.05.00;8.549.318.249.652.460;9.347.656.840.107.810;8.148.757.884.906.840;86;87;5.291.666.666.666.660;TG;13;310;
2021;6;25.00.00;25.07.00;31.02.00;29;27.09.00;28.07.00;32.06.00;25.07.00;46.02.00;05.08;72.05.00;  RA  ;25.00.00;1012.03.00;9.343.235.832.784.400;7.111.977.636.715.180;8.076.528.192.707.860;85;83;4.333.333.333.333.330;TG;10;180;
2021;6;26.00.00;27.04.00;33.06.00;28.06.00;29.03.00;29;34.02.00;25.09.00;-;06.02;77.05.00;     ;26.00.00;1011.08.00;9.058.016.869.644.070;61.825.637.996.690.900;80.605.071.488.962;81;79;03.25;S;12;140;
2021;6;27.00.00;26.08.00;33.09.00;30.01.00;29.04.00;29.08.00;34.04.00;26.05.00;-;07.08;97.05.00;     ;27.00.00;1012;8.968.028.854.656.960;5.979.221.084.257.860;7.845.373.709.731.840;79;78;4.666.666.666.666.660;TG;12;140;
2021;6;28.00.00;27.04.00;27.06.00;28;27.06.00;27.05.00;30.08.00;25.08.00;-;01.09;1,010416667;     ;28.00.00;1011.09.00;8.602.435.915.620.520;890.972.680.703.221;8.325.893.254.604.200;86;86;4.375;TG;12;130;
2021;6;29.00.00;26.04.00;34;29;29;29.03.00;34;26.02.00;00.08;06.03;78.75;  RA  ;29.00.00;1011.02.00;903.721.917.544.973;5.657.253.152.833.920;779.671.551.350.185;79;77;3.875;TG;11;120;
2021;6;30.00.00;27.06.00;33;28.06.00;29.02.00;28.08.00;33.02.00;25.07.00;TTU;05.09;73.75;  RA  ;30.00.00;1011.06.00;8.608.433.224.972.310;61.403.446.742.597.100;8.203.162.445.547.980;79;80;4.041.666.666.666.660;TG;12;80;
2021;7;01.00;25.04.00;32.02.00;29.04.00;28.01.00;28.09.00;33.06.00;25.04.00;-;07.05;93.75;     ;01.00;1012.05.00;9.176.423.123.386.560;5.509.944.696.919.140;7.677.510.078.007.830;79.00.00;74.00.00;2.625;TL;09.00;100.00.00;
2021;7;02.00;25.07.00;33.00.00;29.06.00;28.05.00;28.07.00;33.00.00;25.03.00;-;07.01;88.75;     ;02.00;1011.04.00;8.942.403.487.582.900;56.880.521.396.064.000;6.629.178.756.270.360;76.00.00;74.00.00;3.125;TG;09.00;120.00.00;
2021;7;03.00;26.06.00;31.09.00;29.00.00;28.05.00;28.02.00;33.00.00;24.06.00;-;02.08;35.00.00;     ;03.00;1011.09.00;7.827.212.921.417.370;6.177.264.009.201.240;7.114.918.418.862.080;72.00.00;75.00.00;2.625;TG;07.00;140.00.00;
2021;7;04.00;25.01.00;32.02.00;29.05.00;28.00.00;28.07.00;33.07.00;24.08.00;-;07.08;97.05.00;     ;04.00;1011.02.00;8.607.906.721.432.630;5.398.016.676.039.600;6.686.709.554.625.740;73.00.00;73.00.00;37.083.333.333.333.300;TG;11.00;130.00.00;
2021;7;05.00;25.06.00;33.06.00;29.04.00;28.06.00;28.04.00;34.04.00;23.04;-;07.08;97.05.00;     ;05.00;1011.06.00;854.548.699.350.217;482.787.298.585.728;6.359.330.427.415.410;71.00.00;67.00.00;5.916.666.666.666.660;TG;14.00;120.00.00;
2021;7;06.00;23.07;32.02.00;30.00.00;27.04.00;27.09.00;34.02.00;23.02;-;07.07;96.25.00;     ;06.00;1010.00.00;8.234.889.283.195.060;5.012.641.636.536.780;55.474.132.728.419.700;68.00.00;67.00.00;4.125;TG;12.00;130.00.00;
2021;7;07.00;23.08;34.00.00;30.00.00;27.09.00;29.00.00;34.02.00;23.03;-;07.08;97.05.00;     ;07.00;1010.06.00;7.998.236.602.579.160;4.116.132.163.893.550;5.909.072.814.876.580;65.00.00;66.00.00;4.333.333.333.333.330;TG;12.00;160.00.00;
2021;7;08.00;25.08.00;33.05.00;29.02.00;28.06.00;28.06.00;34.02.00;25.08.00;-;04.07;58.75;     ;08.00;1010.08.00;8.243.015.182.694.720;5.400.172.038.105.070;7.667.978.016.846.960;74.00.00;75.00.00;3.625;S;08.00;50.00.00;
2021;7;09.00;27.07.00;33.04.00;28.04.00;29.03.00;28.09.00;34.05.00;26.04.00;-;04.06;5.749.999.999.999.990;     ;09.00;1010.02.00;8.315.154.065.464.400;61.686.289.189.657.100;8.052.370.980.548.100;77.00.00;79.00.00;4.541.666.666.666.660;TG;13.00;50.00.00;
2021;7;10.00;26.08.00;34.01.00;28.08.00;29.01.00;29.02.00;34.01.00;26.08.00;TTU;03.09;48.75;  RA  ;10.00;1009.02.00;8.968.028.854.656.960;58.284.375.417.797.300;7.927.546.788.372.950;79.00.00;79.00.00;7.375;TG;15.00;140.00.00;
2021;7;11.00;28.04.00;33.04.00;29.02.00;29.09.00;29.04.00;33.06.00;26.00.00;-;07.09;98.75;     ;11.00;1010.02.00;8.195.632.530.464.320;59.425.344.364.611.200;7.531.198.191.091.580;75.00.00;75.00.00;7.833.333.333.333.330;S;18.00;160.00.00;
2021;7;12.00;26.04.00;33.02.00;29.04.00;28.09.00;28.07.00;33.04.00;24.03.00;-;06.09;86.25.00;     ;12.00;1010.06.00;8.418.481.319.440.740;54.836.446.564.128.000;6.875.058.352.877.460;73.00.00;74.00.00;5.125;TG;17.00;140.00.00;
2021;7;13.00;24.08.00;34.06.00;29.08.00;28.05.00;29.03.00;35.04.00;24.08.00;-;07.08;97.05.00;     ;13.00;1010.01.00;8.839.306.415.806.040;46.193.168.431.851.900;6.389.064.378.323.950;72.00.00;68.00.00;39.166.666.666.666.600;TG;12.00;130.00.00;
2021;7;14.00;25.04.00;33.06.00;29.02.00;28.04.00;28.09.00;35.02.00;24.04.00;-;07.07;96.25.00;     ;14.00;1009.07.00;8.460.401.329.873.760;4.171.015.887.789.000;7.260.634.996.395.850;71.00.00;69.00.00;04.00;U;11.00;130.00.00;
2021;7;15.00;25.07.00;32.00.00;29.04.00;28.02.00;28.04.00;33.08.00;24.00.00;-;07.08;97.05.00;     ;15.00;1011.05.00;7.632.690.627.267.920;50.481.169.604.251.500;6.486.857.010.352.390;67.00.00;65.00.00;6.875;TG;21.00;150.00.00;
2021;7;16.00;24.02.00;31.02.00;29.08.00;27.04.00;27.09.00;33.00.00;24.00.00;-;04.05;56.25.00;     ;16.00;1012.07.00;8.336.125.761.542.940;5.422.144.165.282.680;5.409.821.881.857.820;69.00.00;68.00.00;03.25;B;07.00;320.00.00;
2021;7;17.00;25.02.00;31.09.00;28.08.00;27.08.00;28.02.00;32.04.00;25.00.00;-;04.03;53.75;     ;17.00;1012.04.00;8.063.632.775.645.900;54.840.733.340.877.000;7.102.877.367.431.510;72.00.00;73.00.00;37.083.333.333.333.300;TG;12.00;130.00.00;
2021;7;18.00;25.09.00;32.08.00;29.07.00;28.06.00;29.00.00;33.05.00;25.07.00;-;06.05;81.25.00;     ;18.00;1010.08.00;8.170.602.339.482.990;5.727.982.248.427.740;6.894.167.679.367.310;72.00.00;72.00.00;4.416.666.666.666.660;TG;12.00;110.00.00;
2021;7;19.00;26.07.00;33.07.00;30.00.00;29.03.00;29.06.00;34.00.00;25.08.00;-;07.08;97.05.00;     ;19.00;1011.07.00;8.810.986.642.175.150;563.360.674.609.214;7.304.873.549.906.260;76.00.00;74.00.00;6.041.666.666.666.660;TG;14.00;140.00.00;
2021;7;20.00;26.00.00;34.00.00;29.09.00;29.00.00;29.07.00;35.06.00;25.09.00;-;07.08;97.05.00;     ;20.00;1012.01.00;8.327.457.998.973.730;5.335.288.760.163.020;6.586.032.345.448.310;71.00.00;70.00.00;05.00;TG;11.00;140.00.00;
2021;7;21.00;26.00.00;33.02.00;29.06.00;28.07.00;29.05.00;34.00.00;25.08.00;-;07.08;97.05.00;     ;21.00;1013.01.00;840.423.342.777.414;57.039.869.462.245.600;6.758.032.172.685.270;73.00.00;70.00.00;3.875;TG;12.00;110.00.00;
2021;7;22.00;26.04.00;33.00.00;29.02.00;28.08.00;29.01.00;34.04.00;25.06.00;TTU;04.05;56.25.00;  RA  ;22.00;1011.08.00;8.571.477.167.459.540;56.880.521.396.064.000;7.126.834.341.854.760;75.00.00;74.00.00;5.208.333.333.333.330;TG;11.00;150.00.00;
2021;7;23.00;25.06.00;34.03.00;30.00.00;28.09.00;29.01.00;35.00.00;25.00.00;-;07.07;96.25.00;     ;23.00;1011.03.00;854.548.699.350.217;49.443.814.726.018.000;6.912.982.537.493.670;72.00.00;70.00.00;04.05;TG;11.00;130.00.00;
2021;7;24.00.00;25.09.00;34.02.00;29.02.00;28.08.00;28.07.00;34.03.00;23.04;-;07.08;97.05.00;     ;24.00.00;1012.08.00;8.323.671.719.422.390;4.731.442.463.868.270;6.153.854.195.734.700;69.00.00;69.00.00;4.625;TG;13.00;130.00.00;
2021;7;25.00.00;24.03.00;33.01.00;28.06.00;27.06.00;28.00.00;33.06.00;22.08;-;07.08;97.05.00;     ;25.00.00;1012.09.00;8.500.756.484.529.370;5.096.658.013.861.570;7.090.709.427.485.380;73.00.00;70.00.00;4.625;TG;13.00;150.00.00;
2021;7;26.00.00;23.04;33.05.00;29.02.00;27.04.00;28.00.00;33.05.00;22.06;-;07.08;97.05.00;     ;26.00.00;1011.06.00;863.325.590.892.943;4.715.056.732.230.780;6.666.161.429.376.070;72.00.00;70.00.00;5.125;TG;12.00;140.00.00;
2021;7;27.00.00;23.04;32.03.00;28.02.00;26.08.00;27.08.00;33.09.00;23.00;-;07.08;97.05.00;     ;27.00.00;1013.03.00;863.325.590.892.943;5.131.055.197.347.450;6.661.794.985.770.300;73.00.00;70.00.00;4.875;TG;14.00;150.00.00;
2021;7;28.00.00;23.09;32.06.00;29.00.00;27.04.00;28.02.00;33.07.00;23.04;-;07.08;97.05.00;     ;28.00.00;1012.03.00;8.567.884.783.076.240;52.677.307.430.286.900;6.522.251.690.366.720;72.00.00;68.00.00;4.916.666.666.666.660;S;10.00;130.00.00;
2021;7;29.00.00;24.04.00;32.06.00;30.01.00;27.09.00;29.01.00;34.00.00;24.04.00;-;07.08;97.05.00;     ;29.00.00;1012.08.00;8.424.028.466.547.000;4.889.566.707.418.050;659.980.489.099.159;71.00.00;69.00.00;36.666.666.666.666.600;TG;11.00;80.00.00;
2021;7;30.00.00;25.08.00;32.09.00;30.00.00;28.06.00;29.01.00;34.04.00;25.04.00;-;06.09;86.25.00;     ;30.00.00;1012.05.00;8.396.993.098.278.610;56.243.142.362.303.500;717.328.099.909.835;74.00.00;75.00.00;4.791.666.666.666.660;TG;11.00;130.00.00;
2021;7;31.00.00;25.08.00;33.06.00;29.02.00;28.06.00;29.00.00;35.00.00;24.08.00;-;07.07;96.25.00;     ;31.00.00;1011.09.00;8.786.856.847.981.740;5.354.816.481.542.690;7.531.198.191.091.580;76.00.00;72.00.00;4.208.333.333.333.330;TG;10.00;130.00.00;
2021;8;01.00;25.02.00;33.04.00;29.02.00;28.03.00;28.08.00;34.00.00;25.02.00;-;07.07;96.25.00;     ;01.00;1012.04.00;8.532.062.433.157.780;55.002.618.204.861.200;706.030.049.832.072;74.00.00;72.00.00;4.541.666.666.666.660;T;15.00;150.00.00;
2021;8;02.00;25.04.00;34.00.00;29.08.00;28.07.00;29.05.00;34.02.00;25.04.00;-;07.08;97.05.00;     ;02.00;1012.01.00;9.015.280.438.641.370;5.020.373.482.346.910;7.161.848.531.643.070;76.00.00;71.00.00;4.708.333.333.333.330;TG;13.00;130.00.00;
2021;8;03.00;25.06.00;34.08.00;29.02.00;28.08.00;29.04.00;34.08.00;25.02.00;-;05.09;73.75;     ;03.00;1013.00.00;854.548.699.350.217;5.297.208.646.042.070;739.542.007.513.979;74.00.00;75.00.00;4.458.333.333.333.330;TG;13.00;150.00.00;
2021;8;04.00;26.00.00;34.07.00;29.04.00;29.00.00;29.03.00;35.08.00;25.02.00;01.02;07.08;97.05.00;  RA  ;04.00;1013.08.00;8.792.320.360.553.810;50.824.381.639.328.700;7.138.626.869.012.100;75.00.00;74.00.00;6.458.333.333.333.330;TG;17.00;150.00.00;
2021;8;05.00;26.01.00;33.05.00;29.05.00;28.08.00;29.05.00;35.05.00;26.00.00;-;07.07;96.25.00;     ;05.00;1013.08.00;8.873.320.626.629.460;5.346.302.249.795.580;7.144.477.393.192.950;76.00.00;72.00.00;6.708.333.333.333.330;TG;18.00;150.00.00;
2021;8;06.00;27.03.00;33.04.00;29.05.00;29.04.00;29.06.00;33.08.00;26.04.00;-;07.07;96.25.00;     ;06.00;1013.01.00;8.300.568.613.642.000;58.865.324.783.120.500;7.750.580.158.753.320;76.00.00;73.00.00;7.583.333.333.333.330;TG;18.00;140.00.00;
2021;8;07.00;27.08.00;33.05.00;28.01.00;29.03.00;29.03.00;35.00.00;26.07.00;-;07.01;88.75;     ;07.00;1012.07.00;7.811.747.850.561.420;58.940.476.305.099;8.256.679.095.122.320;74.00.00;77.00.00;7.041.666.666.666.660;TG;17.00;160.00.00;
2021;8;08.00;27.07.00;34.00.00;30.04.00;30.00.00;29.09.00;34.05.00;26.06.00;-;07.01;88.75;     ;08.00;1013.00.00;838.881.019.169.581;58.209.363.090.969.300;7.457.811.767.655.980;75.00.00;75.00.00;6.166.666.666.666.660;TG;15.00;140.00.00;
2021;8;09.00;27.06.00;33.02.00;29.06.00;29.05.00;29.06.00;35.02.00;26.06.00;TTU;07.09;98.75;  RA  ;09.00;1012.09.00;8.459.440.032.172.170;6.154.556.501.029.600;782.359.623.324.487;77.00.00;75.00.00;5.958.333.333.333.330;TG;13.00;130.00.00;
2021;8;10.00;27.07.00;34.03.00;28.06.00;29.06.00;28.04.00;34.06.00;23.06;-;07.06;95.00.00;     ;10.00;1012.03.00;8.315.154.065.464.400;5.098.946.197.108.180;7.362.742.554.694.280;73.00.00;73.00.00;5.375;TG;12.00;130.00.00;
2021;8;11.00;24.05.00;32.08.00;29.01.00;27.07.00;28.06.00;35.07.00;24.03.00;-;07.07;96.25.00;     ;11.00;1013.00.00;8.588.228.248.723.750;4.802.955.685.197.640;646.496.419.657.526;71.00.00;68.00.00;5.625;TG;15.00;130.00.00;
2021;8;12.00;25.00.00;33.09.00;29.06.00;28.04.00;29.03.00;34.04.00;25.00.00;-;07.01;88.75;     ;12.00;1013.02.00;852.523.915.505.629;5.115.727.954.278.810;7.282.982.508.039.590;74.00.00;70.00.00;6.875;TG;15.00;140.00.00;
2021;8;13.00;26.04.00;35.00.00;29.00.00;29.02.00;29.03.00;35.03.00;25.05.00;TTU;07.02;90.00.00;  RA  ;13.00;1011.08.00;8.115.807.983.141.400;4.608.161.469.651.010;779.671.551.350.185;72.00.00;73.00.00;4.625;TG;12.00;80.00.00;
2021;8;14.00;26.01.00;34.02.00;30.04.00;29.02.00;29.08.00;34.04.00;25.09.00;-;07.08;97.05.00;     ;14.00;1011.06.00;8.639.302.130.901.600;4.731.442.463.868.270;7.130.896.090.281.320;73.00.00;71.00.00;6.583.333.333.333.330;TG;17.00;150.00.00;
2021;8;15.00;27.00.00;33.08.00;30.01.00;29.05.00;29.09.00;35.04.00;26.05.00;-;07.07;96.25.00;     ;15.00;1012.00.00;7.992.959.762.455.770;5.641.527.663.544.900;6.983.772.939.572.250;72.00.00;72.00.00;7.833.333.333.333.330;TG;17.00;140.00.00;
2021;8;16.00;26.05.00;33.02.00;29.08.00;29.00.00;29.04.00;34.08.00;25.04.00;00.07;07.08;97.05.00;  RA  ;16.00;1013.06.00;8.651.392.440.312.200;5.593.409.834.690.550;6.389.064.378.323.950;73.00.00;69.00.00;6.375;TG;16.00;130.00.00;
2021;8;17.00;26.02.00;34.06.00;30.04.00;29.04.00;29.08.00;34.08.00;25.04.00;-;07.08;97.05.00;     ;17.00;1013.03.00;7.807.670.594.017.170;4.276.135.916.553.570;6.308.544.839.275.150;66.00.00;66.00.00;0,177083333;TG;11.00;160.00.00;
2021;8;18.00;26.07.00;32.06.00;30.00.00;29.00.00;29.01.00;33.04.00;25.04.00;-;05.00;62.05.00;     ;18.00;1011.03.00;8.128.330.030.681.550;57.119.441.728.229.800;6.912.982.537.493.670;72.00.00;73.00.00;03.00;TG;15.00;140.00.00;
2021;8;19.00;26.02.00;33.04.00;29.06.00;28.09.00;29.00.00;34.04.00;25.00.00;-;07.02;90.00.00;     ;19.00;1010.04.00;8.565.084.461.599.140;5.445.890.182.762.070;6.629.178.756.270.360;73.00.00;72.00.00;3.875;TG;11.00;280.00.00;
2021;8;20.00;26.01.00;34.05.00;29.04.00;29.00.00;29.03.00;36.00.00;25.04.00;TTU;06.09;86.25.00;  RA  ;20.00;1011.06.00;8.103.081.695.581.580;4.962.453.269.193.970;7.271.866.605.592.310;71.00.00;71.00.00;0,21875;TG;15.00;150.00.00;
2021;8;21.00;26.03.00;33.08.00;30.03.00;29.02.00;29.05.00;35.08.00;25.05.00;-;07.05;93.75;     ;21.00;1011.08.00;818.701.625.185.645;52.651.813.296.363.800;6.867.426.249.286.540;71.00.00;71.00.00;4.958.333.333.333.330;TG;12.00;130.00.00;
2021;8;22.00;26.00.00;34.02.00;30.02.00;29.01.00;29.04.00;35.00.00;24.05.00;-;07.06;95.00.00;     ;22.00;1012.01.00;855.862.252.803.843;4.731.442.463.868.270;6.418.185.969.838.070;71.00.00;69.00.00;05.00;TG;12.00;130.00.00;
2021;8;23.00;25.00.00;32.08.00;29.05.00;28.01.00;28.08.00;34.07.00;24.02.00;-;07.09;98.75;     ;23.00;1011.08.00;8.367.229.545.386;4.855.792.625.152.140;6.177.664.129.892.520;69.00.00;68.00.00;05.25;TG;15.00;150.00.00;
2021;8;24.00.00;24.05.00;33.04.00;30.00.00;28.01.00;28.08.00;34.04.00;24.04.00;-;07.09;98.75;     ;24.00.00;1011.08.00;874.985.649.581.249;51.238.271.843.139.600;6.403.700.658.681.630;73.00.00;68.00.00;05.00;TG;13.00;120.00.00;
2021;8;25.00.00;25.07.00;33.07.00;29.08.00;28.07.00;28.07.00;36.00.00;24.04.00;-;07.09;98.75;     ;25.00.00;1011.05.00;8.085.787.971.678.420;4.581.521.404.427.530;6.642.898.956.944.070;68.00.00;67.00.00;4.458.333.333.333.330;TG;13.00;150.00.00;
2021;8;26.00.00;25.00.00;34.02.00;29.00.00;28.03.00;28.05.00;34.04.00;23.06;-;07.09;98.75;     ;26.00.00;1011.02.00;8.210.352.798.927.160;42.347.191.493.292.900;645.758.961.059.234;68.00.00;64.00.00;4.583.333.333.333.330;TG;15.00;130.00.00;
2021;8;27.00.00;24.02.00;33.09.00;30.00.00;28.01.00;29.01.00;33.09.00;23.07;-;07.06;95.00.00;     ;27.00.00;1010.09.00;8.176.217.323.890.570;4.550.903.043.940.910;678.426.000.449.919;69.00.00;67.00.00;4.041.666.666.666.660;T;10.00;130.00.00;
2021;8;28.00.00;27.01.00;33.07.00;29.08.00;29.04.00;29.05.00;35.04.00;25.04.00;-;07.01;88.75;     ;28.00.00;1009.08.00;7.705.820.519.582.210;4.785.810.308.891.960;6.642.898.956.944.070;67.00.00;69.00.00;6.291.666.666.666.660;TG;14.00;150.00.00;
2021;8;29.00.00;26.04.00;33.05.00;30.01.00;29.01.00;30.00.00;35.05.00;26.04.00;-;07.08;97.05.00;     ;29.00.00;1009.09.00;7.817.494.620.895.780;4.818.347.531.486.460;6.854.843.367.058.870;68.00.00;67.00.00;05.05;TG;14.00;160.00.00;
2021;8;30.00.00;26.09.00;34.01.00;29.06.00;29.04.00;29.06.00;34.03.00;25.08.00;-;04.08;60.00.00;     ;30.00.00;1010.03.00;8.136.566.724.985.610;50.812.775.414.337.200;7.216.518.276.949.280;71.00.00;70.00.00;05.05;TG;15.00;160.00.00;
2021;8;31.00.00;26.02.00;34.07.00;29.08.00;29.02.00;29.07.00;36.00.00;25.02.00;-;07.07;96.25.00;     ;31.00.00;1011.03.00;8.411.395.800.824.290;4.929.584.857.979.200;6.771.213.967.567.280;71.00.00;69.00.00;4.916.666.666.666.660;TG;15.00;150.00.00;
2021;9;01.00;25.08.00;34.05.00;30.06.00;29.02.00;29.04.00;35;24.06.00;-;07.08;97.05.00;     ;01.00;1011.01.00;8.396.993.098.278.610;4.412.137.757.755.550;5.719.248.127.005.080;67;66;5.166.666.666.666.660;TG;11;140;
2021;9;02.00;25.05.00;33.04.00;29.06.00;28.05.00;28.09.00;36;24.06.00;-;07.08;97.05.00;     ;02.00;1012.01.00;8.153.827.686.942.060;4.449.830.630.646.130;6.758.032.172.685.270;69;66;4.541.666.666.666.660;S;13;160;
2021;9;03.00;25.08.00;32.08.00;29.07.00;28.05.00;28.07.00;33.06.00;24.04.00;-;07.07;96.25.00;     ;03.00;1011.02.00;7.712.765.603.361.250;4.908.822.317.968.580;7.024.647.518.936.980;68;67;04.05;BL;13;120;
2021;9;04.00;25.04.00;32.06.00;30.01.00;28.04.00;29;33.02.00;25.02.00;-;07.08;97.05.00;     ;04.00;1010.09.00;7.919.378.952.750.960;52.677.307.430.286.900;6.983.772.939.572.250;70;68;4.833.333.333.333.330;TG;10;50;
2021;9;05.00;25.07.00;32.05.00;30.02.00;28.05.00;29.02.00;34.04.00;25.04.00;-;04.05;56.25.00;     ;05.00;1011.03.00;8.162.260.751.997.360;5.591.366.246.794.260;6.543.590.651.116.460;71;70;4.416.666.666.666.660;TG;12;150;
2021;9;06.00;26.02.00;33.05.00;29.08.00;28.09.00;29.06.00;35.07.00;25.06.00;-;07.08;97.05.00;     ;06.00;1012.03.00;8.032.020.776.069.100;5.346.302.249.795.580;722.779.492.718.415;72;71;4.708.333.333.333.330;TG;18;140;
2021;9;07.00;25.08.00;33.07.00;29.08.00;28.08.00;29.05.00;34.03.00;25.08.00;-;8;100;     ;07.00;1012.09.00;8.552.090.374.708.060;51.505.922.569.171.000;7.161.848.531.643.070;74;70;5.625;TG;15;150;
2021;9;08.00;26.02.00;34;29.07.00;29;29.02.00;35.02.00;24.09.00;-;8;100;     ;08.00;1011.01.00;8.258.819.822.995.020;47.631.982.320.396.500;6.894.167.679.367.310;70;67;6.708.333.333.333.330;TG;15;140;
2021;9;09.00;25.04.00;32.08.00;30;28.04.00;29.06.00;35.04.00;25.04.00;-;8;100;     ;09.00;1012.03.00;8.072.567.796.841.390;4.802.955.685.197.640;5.787.645.852.354.130;67;64;6.333.333.333.333.330;S;13;140;
2021;9;10.00;27;33.06.00;29.06.00;29.03.00;29.07.00;34.04.00;26.05.00;-;06.05;81.25.00;     ;10.00;1012.07.00;7.556.270.575.233.300;487.970.208.456.448;6.887.830.926.054.940;67;67;04.25;TG;12;120;
2021;9;11.00;28;31.09.00;27.02.00;28.08.00;28.06.00;33;26.06.00;-;01.02;15;     ;11.00;1010.09.00;7.821.076.876.497.680;5.884.721.603.503.460;8.296.873.755.837.060;75;76;05.25;S;14;130;
2021;9;12.00;27.02.00;32.03.00;26.03.00;28.03.00;28.03.00;35.09.00;26;TTU;02.09;36.25.00;  RA  ;12.00;1010;8.446.076.283.297.420;5.973.592.378.710.580;8.722.751.553.919.650;79;81;5.666.666.666.666.660;TG;14;80;
2021;9;13.00;27.04.00;31.05.00;28.02.00;28.06.00;28.02.00;33.06.00;26.04.00;9;02.09;36.25.00;  RA  ;13.00;1011.09.00;8.602.435.915.620.520;706.563.750.918.208;8.044.149.476.925.920;81;83;4.208.333.333.333.330;TG;12;140;
2021;9;14.00;27.09.00;28.08.00;28.08.00;28.04.00;27.04.00;32.03.00;24.03.00;09.05;04.07;58.75;  RA  ;14.00;1012.05.00;8.322.332.296.781.990;7.170.224.549.645.990;799.792.315.683.067;80;85;5.666.666.666.666.660;S;13;360;
2021;9;15.00;25.06.00;32.06.00;29.09.00;28.04.00;29.01.00;33.06.00;23.08;61.05.00;07.09;98.75;  RA  ;15.00;1013.05.00;9.504.508.007.848.050;55.438.345.090.617.800;7.432.281.093.507.180;80;76;04.05;TG;12;120;
2021;9;16.00;26.08.00;34.02.00;29.04.00;29.03.00;29.03.00;36.02.00;25.04.00;-;06.04;80;     ;16.00;1012.03.00;8.736.803.915.131.280;4.935.278.487.793.810;7.271.866.605.592.310;74;75;3.375;TG;9;110;
2021;9;17.00;26;33.02.00;30.04.00;28.09.00;29.03.00;34;25.08.00;-;05.09;73.75;     ;17.00;1012;855.862.252.803.843;4.789.482.667.656.350;6.432.522.391.322.140;71;71;6.708.333.333.333.330;TG;15;140;
2021;9;18.00;27.02.00;34;29.06.00;29.05.00;29.05.00;35.04.00;25.04.00;-;8;100;     ;18.00;1011.03.00;8.148.757.884.906.840;4.361.382.825.094.210;6.887.830.926.054.940;69;69;7.375;TG;19;140;
2021;9;19.00;26.04.00;32.06.00;29.06.00;28.08.00;29.02.00;33;25;-;8;100;     ;19.00;1012;8.571.477.167.459.540;55.438.345.090.617.800;7.150.297.705.927.560;75;69;6.916.666.666.666.660;TG;13;140;
2021;9;20.00;26;33.04.00;30.06.00;29;29.07.00;33.04.00;25.08.00;-;06.08;85;     ;20.00;1011.09.00;8.250.960.343.341.820;51.770.125.917.571.200;6.571.089.659.970.010;71;69;6.375;TG;14;140;
2021;9;21.00;26.06.00;31.08.00;28.06.00;28.04.00;28.07.00;34.08.00;26.02.00;1;02.03;28.749.999.999.999.900;  RA  ;21.00;1010.09.00;8.274.286.567.671.290;605.203.761.747.886;7.778.325.870.166.970;76;77;39.166.666.666.666.600;TG;11;150;
2021;9;22.00;26.08.00;32;29.05.00;28.08.00;29.02.00;34.07.00;24.02.00;-;05.02;65;     ;22.00;1011.09.00;8.357.023.915.739.340;5.549.237.042.653.960;7.411.380.715.619.860;74;73;6.666.666.666.666.660;TG;17;140;
2021;9;23.00;27.02.00;33.01.00;29.04.00;29.02.00;29.03.00;33.06.00;26.03.00;6;04.02;52.05.00;  RA  ;23.00;1012.01.00;8.747.779.542.494.720;51.501.528.000.936.900;7.406.087.993.978.650;75;75;5.875;TG;16;140;
2021;9;24.00.00;27.01.00;32.04.00;28.05.00;28.08.00;28.05.00;34.02.00;26;-;3;37.05.00;TS    ;24.00.00;1011.07.00;844.269.090.897.893;575.241.521.736.213;7.564.288.901.416.830;76;78;39.166.666.666.666.600;TG;11;70;
2021;9;25.00.00;26.06.00;33.06.00;29.08.00;29.02.00;29.06.00;34.08.00;26.03.00;01.05;7;87.05.00;  RA  ;25.00.00;1010.04.00;8.808.362.644.659.890;53.012.467.820.626.100;7.427.096.201.770.800;76;72;5.958.333.333.333.330;TG;11;150;
2021;9;26.00.00;27.09.00;33.09.00;29.04.00;29.08.00;29.01.00;35.06.00;25.06.00;-;6;75;     ;26.00.00;1009.09.00;7.745.204.443.952.210;5.541.091.339.887.330;7.814.728.097.822.250;72;74;4.791.666.666.666.660;TG;12;140;
2021;9;27.00.00;26.09.00;34;30.08.00;29.07.00;29.06.00;35.09.00;25.04.00;-;07.09;98.75;     ;27.00.00;1010.02.00;7.841.595.394.066.250;48.142.566.727.591.500;5.795.443.140.005.340;66;68;5.166.666.666.666.660;TG;12;120;
2021;9;28.00.00;26.02.00;33.02.00;30.02.00;29;29.02.00;33.07.00;24.08.00;-;8;100;     ;28.00.00;1010.03.00;7.956.966.890.734.830;5.266.522.130.342.410;6.669.916.687.023.920;70;68;5.333.333.333.333.330;TG;14;130;
2021;9;29.00.00;26;34.02.00;30.04.00;29.02.00;29.08.00;34.05.00;25.02.00;-;8;100;     ;29.00.00;1010.06.00;7.723.152.009.345.340;4.782.121.327.267.610;6.432.522.391.322.140;67;68;05.05;TG;14;140;
2021;9;30.00.00;26.09.00;34.05.00;30.04.00;29.07.00;29.07.00;34.08.00;24.08.00;-;8;100;     ;30.00.00;1011.01.00;7.914.936.636.663.770;5.013.593.691.208.280;6.557.410.812.806.500;69;70;5;TG;13;150;
2021;10;01.00;26.04.00;34.04.00;31.02.00;29.06.00;29.09.00;34.06.00;25.03.00;-;08.00;100.00.00;     ;01.00;1011.05.00;8.115.807.983.141.400;4.800.857.687.791.260;6.065.392.104.351.520;68.00.00;68.00.00;39.166.666.666.666.600;TL;12.00;120.00.00;
2021;10;02.00;26.02.00;34.00.00;30.04.00;29.02.00;29.07.00;35.04.00;25.04.00;-;07.07;96.25.00;     ;02.00;1011.06.00;7.807.670.594.017.170;5.229.542.773.842.080;6.557.410.812.806.500;69.00.00;66.00.00;3.375;T;09.00;310.00.00;
2021;10;03.00;25.06.00;34.02.00;31.00.00;29.01.00;29.04.00;34.08.00;25.06.00;-;06.05;81.25.00;     ;03.00;1011.01.00;8.781.333.903.538.650;4.832.986.410.252.220;6.598.031.135.011.350;72.00.00;70.00.00;4.041.666.666.666.660;TL;11.00;10.00;
2021;10;04.00;27.04.00;33.04.00;30.00.00;29.06.00;29.01.00;34.02.00;25.00.00;-;05.02;65.00.00;     ;04.00;1010.00.00;7.720.786.278.348.170;5.283.970.951.068.220;6.656.477.616.942.990;68.00.00;71.00.00;4.458.333.333.333.330;S;11.00;160.00.00;
2021;10;05.00;26.02.00;32.01.00;30.03.00;28.07.00;29.00.00;35.05.00;26.02.00;-;05.06;70.00.00;     ;05.00;1009.06.00;7.956.966.890.734.830;607.461.461.799.193;6.931.508.989.322.480;72.00.00;69.00.00;4.583.333.333.333.330;TG;12.00;130.00.00;
2021;10;06.00;27.01.00;30.08.00;29.04.00;28.06.00;28.02.00;30.08.00;24.08.00;-;00.04;05.00;     ;06.00;1009.07.00;7.633.597.429.865.060;6.709.415.414.409.460;6.875.058.352.877.460;72.00.00;71.00.00;04.25;TG;09.00;140.00.00;
2021;10;07.00;25.09.00;33.05.00;30.00.00;28.08.00;29.00.00;34.08.00;25.00.00;-;08.00;100.00.00;     ;07.00;1009.09.00;7.643.481.459.752.130;50.799.044.562.986.700;678.426.000.449.919;68.00.00;67.00.00;4.333.333.333.333.330;TG;13.00;120.00.00;
2021;10;08.00;26.02.00;34.05.00;30.05.00;29.04.00;29.03.00;34.08.00;24.05.00;-;08.00;100.00.00;     ;08.00;1010.06.00;751.229.049.149.635;412.117.196.688.747;6.752.939.348.140.700;65.00.00;67.00.00;4.625;TG;10.00;50.00.00;
2021;10;09.00;26.06.00;33.08.00;30.07.00;29.04.00;29.08.00;35.05.00;25.04.00;-;08.00;100.00.00;     ;09.00;1010.08.00;7.680.336.504.906.290;4.642.138.598.916.010;7.147.876.718.622.220;68.00.00;67.00.00;04.05;T;12.00;130.00.00;
2021;10;10.00;26.04.00;34.03.00;29.05.00;29.02.00;29.05.00;35.09.00;26.00.00;-;08.00;100.00.00;     ;10.00;1010.00.00;7.891.668.413.795.590;5.047.234.818.741.290;7.411.380.715.619.860;71.00.00;70.00.00;4.083.333.333.333.330;TG;11.00;120.00.00;
2021;10;11.00;26.09.00;33.06.00;31.00.00;29.06.00;29.06.00;35.03.00;25.00.00;-;07.08;97.05.00;     ;11.00;1010.01.00;7.988.544.819.641.780;5.036.332.992.949.530;6.230.616.368.980.720;68.00.00;66.00.00;4.375;S;12.00;130.00.00;
2021;10;12.00;28.06.00;35.00.00;30.06.00;30.07.00;30.03.00;36.00.00;25.04.00;-;08.00;100.00.00;     ;12.00;1009.07.00;61.691.456.071.130.500;4.031.643.057.859.930;6.571.089.659.970.010;57.00.00;63.00.00;05.05;TG;12.00;140.00.00;
2021;10;13.00;26.08.00;34.01.00;31.02.00;29.07.00;30.00.00;35.08.00;25.04.00;-;08.00;100.00.00;     ;13.00;1008.07.00;7.984.106.169.796.590;4.671.318.797.756.870;60.058.413.323.373.500;67.00.00;64.00.00;4.166.666.666.666.660;TG;11.00;80.00.00;
2021;10;14.00;26.09.00;34.06.00;31.04.00;30.00.00;30.02.00;35.01.00;25.07.00;-;07.04;92.05.00;     ;14.00;1010.04.00;7.407.088.206.254.870;4.669.064.902.151.490;5.962.302.862.646.110;64.00.00;66.00.00;4.958.333.333.333.330;TG;12.00;140.00.00;
2021;10;15.00;28.01.00;34.09.00;31.00.00;30.05.00;30.04.00;35.00.00;26.02.00;-;08.00;100.00.00;     ;15.00;1009.02.00;7.684.138.854.860.980;5.099.782.897.403.370;7.100.714.699.271.730;69.00.00;71.00.00;5.666.666.666.666.660;TG;12.00;120.00.00;
2021;10;16.00;28.06.00;34.00.00;31.08.00;30.08.00;30.07.00;35.04.00;27.00.00;-;07.02;90.00.00;     ;16.00;1010.03.00;7.778.325.870.166.970;4.968.560.179.751.430;6.169.933.333.110.560;67.00.00;68.00.00;4.875;TG;12.00;120.00.00;
2021;10;17.00;27.06.00;34.09.00;30.06.00;30.02.00;30.07.00;35.02.00;27.01.00;-;07.05;93.75;     ;17.00;1009.09.00;8.018.960.841.692.850;5.202.252.019.062.280;7.142.245.261.383.150;71.00.00;71.00.00;4.791.666.666.666.660;TG;09.00;140.00.00;
2021;10;18.00;28.09.00;26.05.00;28.02.00;28.01.00;28.05.00;35.03.00;25.06.00;-;02.00;25.00.00;     ;18.00;1010.07.00;7.861.867.236.526.360;935.486.918.993.112;8.552.373.569.886.270;84.00.00;82.00.00;4.166.666.666.666.660;TG;13.00;140.00.00;
2021;10;19.00;28.06.00;32.06.00;28.02.00;29.05.00;29.03.00;34.06.00;26.06.00;15.08;05.00;62.05.00;  RA  ;19.00;1014.01.00;791.889.797.069.995;6.111.495.162.923.160;7.759.548.508.932.350;74.00.00;75.00.00;34.166.666.666.666.600;U;09.00;50.00.00;
2021;10;20.00;27.08.00;35.03.00;30.04.00;30.03.00;30.03.00;35.05.00;27.00.00;-;07.00;87.05.00;     ;20.00;1013.05.00;8.318.752.610.992.920;5.184.738.572.335.590;7.723.731.472.989.640;74.00.00;74.00.00;4.625;B;13.00;140.00.00;
2021;10;21.00;28.07.00;35.07.00;31.07.00;31.02.00;30.09.00;36.00.00;27.00.00;-;07.00;87.05.00;     ;21.00;1012.08.00;7.923.233.618.669.140;4.528.948.423.714.030;79.773.755.280.204;71.00.00;70.00.00;28.333.333.333.333.300;U;10.00;50.00.00;
2021;10;22.00;28.03.00;35.02.00;31.02.00;30.08.00;30.09.00;37.05.00;27.00.00;-;07.08;97.05.00;     ;22.00;1012.03.00;783.488.755.124.702;44.328.112.195.353.400;6.922.486.136.493.460;68.00.00;70.00.00;4.916.666.666.666.660;TL;10.00;150.00.00;
2021;10;23.00;27.06.00;36.00.00;31.02.00;30.06.00;31.01.00;37.02.00;27.04.00;-;08.00;100.00.00;     ;23.00;1013.02.00;8.459.440.032.172.170;3.861.125.890.392.520;6.859.788.022.240.550;69.00.00;68.00.00;4.625;U;11.00;60.00.00;
2021;10;24.00.00;29.01.00;35.04.00;30.06.00;31.01.00;30.08.00;35.04.00;27.02.00;-;08.00;100.00.00;     ;24.00.00;1012.02.00;7.663.174.922.929.970;51.930.906.880.687;7.336.881.402.481.810;70.00.00;72.00.00;04.25;U;11.00;360.00.00;
2021;10;25.00.00;28.06.00;35.02.00;31.00.00;30.09.00;30.07.00;35.05.00;26.06.00;-;07.08;97.05.00;     ;25.00.00;1010.09.00;791.889.797.069.995;5.125.485.235.823.050;6.973.648.804.147.350;70.00.00;68.00.00;04.00;U;10.00;50.00.00;
2021;10;26.00.00;27.06.00;35.02.00;30.00.00;30.01.00;30.00.00;36.09.00;27.01.00;-;05.08;72.05.00;TS    ;26.00.00;1010.08.00;7.730.631.336.644.640;4.578.248.722.952.140;7.437.439.491.091.290;69.00.00;72.00.00;30.416.666.666.666.600;TL;14.00;150.00.00;
2021;10;27.00.00;27.06.00;31.00.00;29.00.00;28.08.00;29.00.00;32.06.00;26.04.00;-;00.00;00.00;     ;27.00.00;1011.00.00;816.471.325.928.847;647.465.863.283.378;779.671.551.350.185;77.00.00;78.00.00;5.166.666.666.666.660;TG;10.00;130.00.00;
2021;10;28.00.00;28.02.00;31.06.00;29.08.00;29.05.00;29.07.00;35.05.00;26.06.00;TTU;05.01;6.374.999.999.999.990;  RA  ;28.00.00;1011.03.00;8.188.023.772.703.260;6.515.526.697.380.030;7.427.096.201.770.800;76.00.00;75.00.00;30.833.333.333.333.300;TG;13.00;100.00.00;
2021;10;29.00.00;28.08.00;36.02.00;30.06.00;31.01.00;30.07.00;36.06.00;27.00.00;-;07.01;88.75;     ;29.00.00;1012.08.00;7.927.546.788.372.950;4.912.624.138.134.960;7.142.245.261.383.150;70.00.00;70.00.00;02.05;U;12.00;00.00;
2021;10;30.00.00;28.02.00;35.00.00;30.00.00;30.04.00;30.01.00;35.04.00;26.08.00;-;07.00;87.05.00;     ;30.00.00;1012.04.00;8.332.959.508.253.530;5.108.392.030.569.700;7.304.873.549.906.260;73.00.00;73.00.00;35.416.666.666.666.600;T;10.00;100.00.00;
2021;10;31.00.00;29.00.00;28.07.00;29.03.00;29.00.00;28.05.00;32.05.00;26.00.00;TTU;02.00;25.00.00;  RA  ;31.00.00;1011.06.00;7.866.282.587.882.570;7.643.711.411.334.580;77.413.813.665.276;78.00.00;80.00.00;39.166.666.666.666.600;U;09.00;120.00.00;
2021;11;01.00;27;28.09.00;29.06.00;28.01.00;28.08.00;33.07.00;26;TTU;03.01;38.75;  RA  ;01.00;1012.03.00;8.590.249.604.768.770;772.269.640.153.075;7.961.261.403.540.500;82;79;03.05;U;10;350;
2021;11;02.00;27.01.00;34.02.00;29.06.00;29.05.00;29.03.00;35.01.00;26;01.05;05.06;70;  RA  ;02.00;1011;8.367.788.437.314.560;5.458.191.106.790.060;7.618.995.834.656.330;75;76;34.583.333.333.333.300;TG;9;350;
2021;11;03.00;27.06.00;34.05.00;29.09.00;29.09.00;30;36.04.00;26.09.00;-;07.03;91.25.00;     ;03.00;1010.07.00;816.471.325.928.847;5.535.517.600.506.400;7.768.696.928.420.330;74;75;28.333.333.333.333.300;T;9;40;
2021;11;04.00;28;34.08.00;26.08.00;29.04.00;28.06.00;35.04.00;25.02.00;-;04.03;53.75;TS    ;04.00;1009.08.00;8.180.335.062.722.670;5.665.275.121.016.720;9.045.670.689.176.880;78;79;34.166.666.666.666.600;TL;14;30;
2021;11;05.00;27;31.06.00;27.02.00;28.02.00;28;31.08.00;26;02.02;3;37.05.00;  RA  ;05.00;1009.09.00;8.514.630.520.572.120;6.883.959.436.150.700;8.671.938.446.937.910;81;83;38.333.333.333.333.300;TG;12;150;
2021;11;06.00;27.08.00;30.01.00;30.04.00;29;30;33.04.00;27.04.00;TTU;07.04;92.05.00;  RA  ;06.00;1008.03.00;8.172.565.273.312.570;7.710.111.681.311.880;706.623.370.407.291;78;75;31.666.666.666.666.600;U;10;360;
2021;11;07.00;28.05.00;32;29.03.00;29.06.00;29.05.00;34.08.00;26.04.00;TTU;5;62.05.00;TS RA  ;07.00;1007.05.00;8.271.281.800.122.710;6.067.126.852.729.760;7.672.756.344.737.290;76;76;30.833.333.333.333.300;TG;14;360;
2021;11;08.00;29.02.00;33;29.04.00;30.02.00;29.06.00;33.06.00;26.06.00;00.06;01.02;15;TS RA  ;08.00;1009.06.00;7.805.768.284.876.570;6.488.463.066.854.180;7.677.510.078.007.830;74;78;4.083.333.333.333.330;U;10;360;
2021;11;09.00;27.04.00;34;28.01.00;29.02.00;28.09.00;35.05.00;26;01.02;04.01;5.124.999.999.999.990;TS RA  ;09.00;1009.02.00;9.134.930.056.306.350;5.657.253.152.833.920;8.040.006.349.608.990;80;81;30.833.333.333.333.300;B;8;70;
2021;11;10.00;26.08.00;34.08.00;26.06.00;28.08.00;28.02.00;35;26;1;06.03;78.75;TS RA  ;10.00;1009.06.00;8.968.028.854.656.960;5.612.106.770.459.090;9.119.740.079.519.300;82;84;4.458.333.333.333.330;BL;10;350;
2021;11;11.00;27;33.04.00;26.03.00;28.04.00;27.09.00;35.04.00;25.07.00;7;5;62.05.00;  RA  ;11.00;1009;8.742.320.827.831.850;5.830.737.398.041.320;919.296.224.982.397;81;83;32.916.666.666.666.600;BL;14;180;
2021;11;12.00;26.05.00;30.02.00;29.04.00;28.02.00;28.06.00;30.05.00;25.08.00;20.04;02.04;30;  RA  ;12.00;1010.01.00;8.805.724.609.978.000;711.943.058.155.141;7.541.299.607.333.550;81;79;33.333.333.333.333.300;U;8;330;
2021;11;13.00;27.08.00;30;28.02.00;28.05.00;28;33;25.02.00;TTU;00.01;01.25;TS RA  ;13.00;1009.09.00;8.318.752.610.992.920;7.504.090.122.959.570;8.332.959.508.253.530;81;84;4.416.666.666.666.660;U;10;230;
2021;11;14.00;26;31.02.00;25.04.00;27.02.00;26.09.00;31.04.00;25.02.00;09.01;00.08;10;TS RA  ;14.00;1010.05.00;9.347.656.840.107.810;7.048.579.939.879.810;9.502.249.789.790.690;88;89;26.666.666.666.666.600;S;16;180;
2021;11;15.00;26.02.00;26.03.00;25.04.00;26;26;30.09.00;25;19;00.01;01.25;TS RA  ;15.00;1009.07.00;9.270.718.399.316.860;9.113.875.649.334.790;9.502.249.789.790.690;93;94;2.875;S;18;20;
2021;11;16.00;26.02.00;26.04.00;26.04.00;26.03.00;26.04.00;30.06.00;24.05.00;22.03;01.07;21.25;TS RA  ;16.00;1009.05.00;9.191.163.812.288.510;8.571.477.167.459.540;9.433.225.341.453.430;91;91;30.833.333.333.333.300;TG;14;40;
2021;11;17.00;26;30;28.07.00;27.07.00;28.03.00;31.04.00;25.06.00;05.01;02.09;36.25.00;  RA  ;17.00;1009.01.00;9.028.585.167.216.600;6.848.503.240.047.450;7.782.959.207.446.780;82;80;39.166.666.666.666.600;TG;10;120;
2021;11;18.00;26.09.00;33.04.00;30.05.00;29.04.00;29.06.00;34.06.00;25.09.00;-;07.09;98.75;     ;18.00;1009;8.587.162.429.908.230;56.096.081.358.812.700;6.501.837.392.588.810;73;73;35.833.333.333.333.300;TG;13;120;
2021;11;19.00;26.06.00;33;28.05.00;28.07.00;28.04.00;33.06.00;25;-;06.06;82.05.00;     ;19.00;1007.06.00;8.124.178.440.415.980;5.357.479.529.624.070;7.773.668.302.185.090;73;79;28.333.333.333.333.300;TL;9;20;
2021;11;20.00;26;26;26.04.00;26.01.00;25.09.00;29;25;01.03;0;0;  RA  ;20.00;1007.08.00;9.028.585.167.216.600;9.347.656.840.107.810;903.721.917.544.973;91;92;4.041.666.666.666.660;U;14;160;
2021;11;21.00;26.03.00;31.07.00;28.04.00;28.02.00;28.05.00;32.06.00;25.08.00;06.05;02.03;28.749.999.999.999.900;  RA  ;21.00;1010;9.431.968.328.769.720;6.952.009.480.941.320;8.195.632.530.464.320;85;83;3.375;TG;8;310;
2021;11;22.00;28.02.00;34.01.00;30;30.01.00;30;36;27.02.00;-;07.02;90;     ;22.00;1009.02.00;8.552.373.569.886.270;5.883.302.691.349.340;790.920.832.572.861;77;78;0,177083333;U;12;350;
2021;11;23.00;27.07.00;32.07.00;26;28.05.00;28.02.00;34.04.00;25;TTU;05.01;6.374.999.999.999.990;TS RA  ;23.00;1008.08.00;9.140.463.545.749.260;6.292.847.751.674.020;918.753.792.283.236;84;82;4.333.333.333.333.330;BL;13;160;
2021;11;24.00.00;26.08.00;32.02.00;27.06.00;28.04.00;28.03.00;34.04.00;25.06.00;05.09;05.06;70;  RA  ;24.00.00;1009.02.00;8.736.803.915.131.280;60.820.648.257.169.400;816.471.325.928.847;79;80;27.916.666.666.666.600;TL;11;120;
2021;11;25.00.00;26.07.00;28.09.00;27.05.00;27.05.00;28.01.00;33.07.00;25.05.00;-;02.04;30;     ;25.00.00;1009;8.734.023.376.449.600;7.792.153.862.588.790;8.307.899.862.850.900;84;82;24.166.666.666.666.600;T;8;270;
2021;11;26.00.00;26.06.00;32.01.00;28.04.00;28.04.00;28.07.00;33;26.02.00;-;04.03;53.75;    Lightning;26.00.00;1008.09.00;8.808.362.644.659.890;6.309.883.071.657.180;8.052.370.980.548.100;80;79;32.083.333.333.333.300;BL;10;170;
2021;11;27.00.00;27.04.00;29.05.00;28;28.01.00;27.09.00;33.04.00;25.08.00;-;02.02;27.500.000.000.000.000;     ;27.00.00;1008.06.00;875.318.087.351.986;7.411.380.715.619.860;8.325.893.254.604.200;83;82;30.416.666.666.666.600;U;10;360;
2021;11;28.00.00;26.08.00;28;25.04.00;26.08.00;26.01.00;31.05.00;23;00.02;00.04;5;  RA  ;28.00.00;1009.01.00;858.405.878.583.193;8.325.893.254.604.200;9.176.423.123.386.560;87;87;4.166.666.666.666.660;S;14;130;
2021;11;29.00.00;25.02.00;31.05.00;28.02.00;27.05.00;27.07.00;31.07.00;25;21.07;4;50;  RA  ;29.00.00;1009.06.00;8.850.029.943.447.870;6.088.307.835.066.140;8.260.358.383.674.150;80;80;3.875;TL;10;180;
2021;11;30.00.00;25.08.00;32;29.06.00;28.03.00;28.02.00;33;25.01.00;22.05;02.07;33.75;TS RA Lightning;30.00.00;1010;9.506.742.017.001.780;62.435.986.141.214.700;7.416.646.198.878.500;82;83;4.708.333.333.333.330;S;12;80;
2021;12;01.00;26.00.00;33.02.00;27.04.00;28.02.00;28.00.00;33.02.00;25.01.00;16;04.06;5.749.999.999.999.990;TS RA  ;01.00;1010.05.00;9.347.656.840.107.810;6.269.300.036.634.360;8.452.793.457.568.400;84.00.00;83.00.00;0,177083333;U;11.00;340.00.00;
2021;12;02.00;26.05.00;31.04.00;30.00.00;28.06.00;28.03.00;32.08.00;25.03.00;01.04;05.07;71.25.00;TS RA  ;02.00;1009.07.00;896.118.904.223.609;6.502.041.711.225.970;7.841.062.495.873.140;81.00.00;84.00.00;35.833.333.333.333.300;BL;06.00;50.00.00;
2021;12;03.00;27.00.00;29.06.00;28.07.00;28.01.00;28.03.00;31.09.00;26.05.00;77.02.00;00.00;00.00;  RA  ;03.00;1011.05.00;920.528.680.911.697;782.359.623.324.487;8.567.414.462.548.380;87.00.00;85.00.00;35.416.666.666.666.600;BL;12.00;310.00.00;
2021;12;04.00;27.00.00;32.05.00;28.02.00;28.07.00;27.09.00;32.07.00;25.08.00;02.03;01.07;21.25;  RA  ;04.00;1010.04.00;8.590.249.604.768.770;61.041.926.493.813.900;8.332.959.508.253.530;79.00.00;82.00.00;4.333.333.333.333.330;BL;11.00;300.00.00;
2021;12;05.00;26.05.00;30.07.00;29.00.00;28.02.00;28.03.00;31.04.00;26.04.00;03.06;00.09;11.25;  RA  ;05.00;1010.02.00;8.270.451.036.372.830;6.828.878.776.681.810;7.936.106.316.073.890;78.00.00;79.00.00;6.083.333.333.333.330;BL;12.00;300.00.00;
2021;12;06.00;26.09.00;32.01.00;25.08.00;27.09.00;27.07.00;33.02.00;25.08.00;01.03;00.03;0,177083333;TS RA  ;06.00;1009.02.00;828.567.058.791.869;59.004.240.957.825.800;9.425.581.573.196.870;80.00.00;82.00.00;05.00;BL;15.00;290.00.00;
2021;12;07.00;26.07.00;33.08.00;30.00.00;29.03.00;29.01.00;34.00.00;25.06.00;06.02;03.02;40.00.00;  RA  ;07.00;1009.09.00;8.580.938.555.747.950;60.837.423.012.060.200;7.437.439.491.091.290;77.00.00;78.00.00;4.291.666.666.666.660;BL;11.00;330.00.00;
2021;12;08.00;27.02.00;33.04.00;30.02.00;29.05.00;28.03.00;33.08.00;24.08.00;00.02;03.03;41.25.00;TS RA Lightning;08.00;1010.03.00;8.671.938.446.937.910;6.282.940.745.134.300;7.985.656.168.484.940;79.00.00;82.00.00;7.083.333.333.333.330;BL;18.00;160.00.00;
2021;12;09.00;26.02.00;34.07.00;25.02.00;28.01.00;28.04.00;34.07.00;25.02.00;22;04.09;6.125.000.000.000.000;TS RA  ;09.00;1011.02.00;8.875.839.269.262.720;5.764.760.479.814.490;9.172.637.247.271.510;82.00.00;84.00.00;04.05;BL;16.00;340.00.00;
2021;12;10.00;27.03.00;34.05.00;27.00.00;29.00.00;28.06.00;34.05.00;25.08.00;21.04;06.04;80.00.00;  RA  ;10.00;1010.07.00;9.133.066.155.325.700;6.022.079.505.307.460;8.514.630.520.572.120;82.00.00;81.00.00;4.208.333.333.333.330;BL;09.00;10.00;
2021;12;11.00;27.08.00;34.06.00;26.04.00;29.02.00;28.05.00;35.07.00;25.06.00;-;06.01;76.25.00;    Lightning;11.00;1010.06.00;8.466.016.992.712.470;6.029.102.241.264.260;9.273.951.074.748.800;81.00.00;82.00.00;4.458.333.333.333.330;BL;14.00;240.00.00;
2021;12;12.00;27.01.00;34.06.00;24.08.00;28.04.00;28.06.00;35.02.00;24.01.00;32.03.00;06.07;83.75;TS RA  ;12.00;1010.01.00;8.821.344.227.467.060;50.224.680.558.732.800;9.329.534.249.409.440;80.00.00;80.00.00;39.166.666.666.666.600;BL;17.00;130.00.00;
2021;12;13.00;27.03.00;33.03.00;30.04.00;29.06.00;29.02.00;34.07.00;25.06.00;45.05.00;06.03;78.75;TS RA Lightning;13.00;1008.09.00;8.902.674.996.707.920;6.104.664.375.876.320;7.790.829.513.323.310;79.00.00;79.00.00;4.166.666.666.666.660;BL;14.00;160.00.00;
2021;12;14.00;26.06.00;34.00.00;27.08.00;28.08.00;28.09.00;34.00.00;26.02.00;32.05.00;05.09;73.75;TS RA  ;14.00;1008.04.00;8.885.779.948.974.680;6.153.821.697.813.500;8.914.366.789.729.340;82.00.00;82.00.00;4.041.666.666.666.660;S;19.00;170.00.00;
2021;12;15.00;26.08.00;33.02.00;26.09.00;28.04.00;27.07.00;33.05.00;25.04.00;11.06;02.05;31.25.00;  RA  ;15.00;1008.07.00;9.517.560.711.876.950;4.841.715.286.199.470;8.663.226.607.480.650;81.00.00;84.00.00;3.125;BD;10.00;360.00.00;
2021;12;16.00;27.01.00;29.02.00;28.05.00;28.00.00;28.02.00;32.06.00;25.08.00;05.08;03.07;46.25.00;  RA  ;16.00;1009.03.00;8.745.057.408.714.350;7.667.978.016.846.960;8.127.796.941.236.250;83.00.00;83.00.00;17.083.333.333.333.300;U;09.00;50.00.00;
2021;12;17.00;26.04.00;32.05.00;29.08.00;28.08.00;29.03.00;33.02.00;26.04.00;TTU;04.08;60.00.00;  RA  ;17.00;1009.00.00;911.584.089.418.139;6.396.539.311.852.840;783.237.395.212.866;81.00.00;80.00.00;03.00;U;09.00;50.00.00;
2021;12;18.00;27.06.00;33.09.00;30.02.00;29.08.00;29.08.00;33.09.00;26.08.00;-;05.08;72.05.00;     ;18.00;1009.03.00;8.833.987.014.888.270;6.203.212.262.755.790;7.514.057.018.430.070;78.00.00;79.00.00;30.416.666.666.666.600;U;09.00;10.00;
2021;12;19.00;27.06.00;33.02.00;28.08.00;29.03.00;29.00.00;35.03.00;25.00.00;-;04.05;56.25.00;TS    ;19.00;1009.08.00;8.758.525.622.462.760;63.848.985.504.591.800;799.792.315.683.067;80.00.00;82.00.00;36.666.666.666.666.600;T;16.00;160.00.00;
2021;12;20.00;26.04.00;33.00.00;29.02.00;28.08.00;28.07.00;34.00.00;26.04.00;07.06;04.04;5.500.000.000.000.000;  RA  ;20.00;1012.00.00;9.353.442.062.998.890;6.371.561.446.154.340;8.225.289.971.423.870;83.00.00;83.00.00;03.00;S;17.00;160.00.00;
2021;12;21.00;27.06.00;25.06.00;25.00.00;26.05.00;25.07.00;31.00.00;24.04.00;00.09;00.03;0,177083333;TS RA  ;21.00;1012.04.00;9.138.628.683.670.290;9.341.746.228.939.550;9.332.637.261.393.610;92.00.00;90.00.00;32.916.666.666.666.600;TG;12.00;330.00.00;
2021;12;22.00;25.00.00;33.08.00;30.02.00;28.05.00;29.05.00;34.00.00;25.00.00;18.04;07.03;91.25.00;  RA  ;22.00;1011.09.00;8.844.697.559.975.070;5.318.351.953.493.440;7.054.503.961.313.790;75.00.00;75.00.00;38.333.333.333.333.300;BL;11.00;340.00.00;
2021;12;23.00;28.01.00;34.02.00;30.04.00;30.02.00;29.05.00;34.02.00;25.06.00;-;07.07;96.25.00;     ;23.00;1010.05.00;8.184.189.481.773.380;5.458.191.106.790.060;7.326.320.590.951.240;73.00.00;74.00.00;4.291.666.666.666.660;U;13.00;340.00.00;
2021;12;24.00.00;26.06.00;32.08.00;30.06.00;29.02.00;29.07.00;34.06.00;26.06.00;-;06.07;83.75;    Lightning;24.00.00;1009.08.00;85.778.016.219.296;6.241.612.122.371;6.949.752.956.443.360;76.00.00;75.00.00;03.05;U;13.00;340.00.00;
2021;12;25.00.00;27.05.00;33.02.00;30.02.00;29.06.00;29.00.00;33.06.00;25.00.00;TTU;02.02;27.500.000.000.000.000;TS RA  ;25.00.00;1010.04.00;944.662.253.507.218;63.848.985.504.591.800;7.849.663.086.623.950;83.00.00;82.00.00;4.333.333.333.333.330;BL;14.00;310.00.00;
2021;12;26.00.00;27.05.00;34.00.00;26.08.00;29.00.00;28.04.00;35.00.00;26.00.00;30.05.00;06.09;86.25.00;TS RA  ;26.00.00;1011.00.00;8.605.442.464.121.220;59.310.746.248.812.800;9.045.670.689.176.880;80.00.00;80.00.00;5.208.333.333.333.330;BL;13.00;280.00.00;
2021;12;27.00.00;27.09.00;34.07.00;25.09.00;29.01.00;27.02.00;35.07.00;24.06.00;17.03;04.08;60.00.00;TS RA  ;27.00.00;1011.05.00;8.031.654.583.977.060;56.576.342.055.224.900;9.105.908.580.220.670;77.00.00;84.00.00;6.083.333.333.333.330;B;21.00;140.00.00;
2021;12;28.00.00;26.04.00;33.06.00;27.04.00;28.05.00;27.07.00;35.08.00;25.01.00;35.09.00;06.09;86.25.00;  RA Lightning;28.00.00;1011.06.00;8.880.836.197.722.950;6.296.448.376.775.160;7.792.790.980.700.340;80.00.00;82.00.00;4.291.666.666.666.660;B;17.00;160.00.00;
2021;12;29.00.00;26.03.00;32.07.00;30.04.00;28.09.00;29.00.00;34.00.00;26.00.00;09.08;05.01;6.374.999.999.999.990;  RA Lightning;29.00.00;1010.09.00;919.296.224.982.397;59.465.948.515.600.900;7.457.811.767.655.980;79.00.00;80.00.00;05.00;BL;12.00;330.00.00;
2021;12;30.00.00;27.00.00;32.02.00;25.04.00;27.09.00;27.08.00;33.04.00;24.00.00;-;02.09;36.25.00;TS    ;30.00.00;1010.08.00;8.590.249.604.768.770;6.495.270.684.844.480;9.015.280.438.641.370;82.00.00;84.00.00;0,21875;BL;13.00;320.00.00;
2021;12;31.00.00;26.03.00;33.00.00;25.02.00;27.07.00;27.05.00;33.08.00;24.06.00;85;04.05;56.25.00;TS RA  ;31.00.00;1010.07.00;9.272.339.050.173.580;631.343.532.920.419;949.996.701.525.737;86.00.00;86.00.00;34.583.333.333.333.300;TG;10.00;330.00.00;