Tahun,Bulan,tgl,temp7,temp13,temp18,temp_avg,temp_24,temp_max,temp_min,CH,light_hour,light_per,pck,tgl,press,humid7,humid13,humid18,humid_avg,humid_24,ws_abg,mod_dir,max_ws,dir,rainfall_category
2021,1,1.0,26.3,32.3,28.8,28.4,28.4,32.9,24.6,50,2.1,26.25,  RA  ,1.0,1009.3,92.72339050173582,65.0188026263269,79.9792315683067,83.0,82.0,3.25,B,6.0,190.0,1
2021,1,2.0,26.1,31.5,27.2,27.7,27.5,31.7,25.2,-,2.2,27.500000000000004,2.0,1009.3,90.30761062566066,69.40288984888305,86.71938446937911,84.0,86.0,3.125,TG,7.0,50.0,180.0,2
2021,1,3.0,26.6,31.4,26.6,27.8,27.8,32.5,25.6,4.3,3.7,46.25,TS RA  ,3.0,1008.8,86.5437471238459,69.97066069376442,90.41467422295305,83.0,83.0,3.9583333333333335,BL,10.0,160.0,3
2021,1,4.0,26.2,31.8,29.5,28.4,28.6,33.0,25.5,9.9,2.2,27.500000000000004,  RA  ,4.0,1008.7,86.4234912104948,62.88699987233136,74.78721885027767,78.0,78.0,3.375,BL,7.0,330.0
2021,1,5.0,27.2,26.8,26.6,27.0,27.0,32.4,25.4,3.5,2.1,26.25,  RA  ,5.0,1008.4,92.08725069158208,90.45670689176886,88.85779948974681,91.0,88.0,3.5833333333333335,B,16.0,310.0
2021,1,6.0,26.4,33.0,29.0,28.7,28.3,33.6,25.2,11,4.3,53.75,  RA  ,6.0,1008.5,87.25592172444505,63.71561446154341,77.9671551350185,79.0,78.0,2.9166666666666665,BL,14.0,330.0
2021,1,7.0,25.6,33.2,25.3,27.4,27.2,33.2,25.2,TTU,2.8,35.0,TS RA  ,7.0,1008.1,86.23817780941161,59.840283338908286,95.0111149402581,82.0,86.0,7.416666666666667,BL,20.0,360.0
2021,1,8.0,26.5,33.5,26.6,28.3,27.9,33.8,25.1,34.7,3.2,40.0,  RA Lightning,8.0,1008.2,88.83314673487679,62.325562634038626,85.778016219296,81.0,83.0,4.458333333333333,BL,10.0,330.0
2021,1,9.0,26.8,34.2,29.1,29.2,28.4,34.5,25.2,0.4,5.3,66.25,TS RA  ,9.0,1007.4,87.36803915131289,56.18868226539787,81.50935308376475,78.0,83.0,3.6666666666666665,BL,8.0,360.0
2021,1,10.0,26.7,28.0,27.4,27.2,27.2,32.0,25.4,13.5,1.2,15.0,TS RA  ,10.0,1007.5,92.00060869098458,89.94329909209476,86.02435915620528,90.0,88.0,3.1666666666666665,B,12.0,10.0
2021,1,11.0,26.2,31.5,27.2,27.8,27.6,32.9,25.4,5,2.2,27.500000000000004,  RA  ,11.0,1008.0,91.91163812288512,63.87552906556411,89.76980912726532,84.0,86.0,2.5416666666666665,B,7.0,300.0
2021,1,12.0,26.4,32.9,29.4,28.8,28.8,33.4,25.4,1.3,1.0,12.5,  RA  ,12.0,1008.9,91.1584089418139,63.066067152581354,75.41299607333552,80.0,80.0,3.375,S,9.0,320.0
2021,1,13.0,26.8,28.4,27.6,27.4,27.8,33.4,25.4,-,2.4,30.0,TS    ,13.0,1008.9,88.90671270734428,84.85339814969886,87.58525622462767,88.0,82.0,4.166666666666667,BL,11.0,310.0
2021,1,14.0,26.8,33.7,27.5,28.7,28.6,33.9,25.5,29.7,3.7,46.25,  RA  ,14.0,1009.1,82.8189619905688,56.88272002697988,86.05442464121225,77.0,76.0,4.291666666666667,BL,9.0,20.0
2021,1,15.0,26.8,31.6,29.6,28.7,28.9,31.7,26.2,0.3,0.1,1.25,  RA  ,15.0,1008.4,82.8189619905688,62.74399121594079,69.53087395956544,74.0,73.0,4.916666666666667,BL,13.0,300.0
2021,1,16.0,26.6,31.1,29.0,28.3,28.3,31.6,25.4,TTU,0.1,1.25,  RA  ,16.0,1007.9,83.49751167822245,62.3800665535927,65.87148937682656,74.0,74.0,3.9583333333333335,BL,10.0,300.0
2021,1,17.0,26.2,33.2,28.6,28.6,28.2,34.4,25.2,-,2.1,26.25,     ,17.0,1007.6,82.58819822995022,62.118218537518764,77.78325870166977,76.0,78.0,5.375,BL,13.0,330.0
2021,1,18.0,25.5,29.2,26.0,26.6,27.0,32.4,25.0,-,3.6,45.0,     ,18.0,1008.9,89.37579119025656,79.44577787810705,87.14137533712541,86.0,84.0,4.708333333333333,BL,13.0,290.0
2021,1,19.0,25.4,29.6,27.5,27.0,27.1,30.0,24.9,4.5,0.0,0.0,  RA  ,19.0,1009.9,90.15280438641373,70.84319737423779,72.3004745428737,81.0,80.0,4.125,B,12.0,300.0
2021,1,20.0,26.0,33.0,25.2,27.6,27.5,33.8,24.4,0.2,3.5,43.75,TS RA  ,20.0,1009.8,84.0423342777414,62.555244415838985,90.10748481432005,80.0,83.0,5.875,BL,18.0,280.0
2021,1,21.0,25.8,33.4,29.4,28.6,28.4,34.2,24.8,10.5,4.0,50.0,TS RA  ,21.0,1010.2,91.83872886818203,56.096081358812775,78.14728097822254,79.0,80.0,5.208333333333333,BL,10.0,290.0
2021,1,22.0,26.3,33.0,25.0,27.7,27.0,33.0,25.0,13.4,5.0,62.5,TS RA  ,22.0,1009.7,90.35077984604077,66.65452917756897,93.32637261393613,85.0,86.0,4.708333333333333,BL,19.0,340.0
2021,1,23.0,26.8,31.8,30.2,28.9,28.6,32.8,25.0,31.5,1.8,22.5,TS RA  ,23.0,1009.6,85.8405878583193,64.68499570735717,73.15651806356883,77.0,80.0,3.625,BL,7.0,340.0
2021,1,24.0,26.8,31.8,25.2,27.7,26.7,33.2,24.4,28,3.2,40.0,  RA  ,24.0,1010.2,89.68028854656967,65.2887647785575,91.72637247271511,84.0,85.0,4.916666666666667,S,20.0,280.0
2021,1,25.0,25.1,31.2,25.4,26.7,27.1,32.3,24.0,8.1,1.1,13.750000000000002,  RA  ,25.0,1010.2,90.89449208238999,67.35084374938542,81.4957643905576,83.0,82.0,3.9583333333333335,BL,10.0,170.0
2021,1,26.0,26.0,33.8,24.6,27.6,27.5,34.0,24.5,TTU,5.1,63.74999999999999,TS RA  ,26.0,1009.2,87.14137533712541,53.18351953493441,94.92967791935155,81.0,82.0,5.291666666666667,BL,18.0,220.0
2021,1,27.0,25.7,32.3,27.5,27.8,27.8,33.1,24.8,59.8,4.5,56.25,  RA  ,27.0,1007.3,87.84102857798895,55.746421853776496,77.97567990327894,77.0,79.0,5.041666666666667,BL,13.0,300.0
2021,1,28.0,26.4,31.8,27.8,28.1,27.9,33.0,25.5,0.4,2.0,25.0,  RA  ,28.0,1007.6,84.94839962607826,64.0834515854786,84.66016992712476,80.0,81.0,7.0,BL,15.0,330.0
2021,1,29.0,26.2,31.2,27.8,27.9,27.5,32.2,24.8,1.6,2.8,35.0,  RA  ,29.0,1008.1,85.65084461599145,62.453593355798965,75.98400493412176,77.0,78.0,6.416666666666667,BL,14.0,300.0
2021,1,30.0,25.5,28.4,27.0,26.6,26.6,29.4,25.0,TTU,0.0,0.0,  RA  ,30.0,1009.5,88.57920168831174,73.51620176559189,82.89424882832314,83.0,84.0,6.541666666666667,BL,17.0,310.0
2021,1,31.0,26.0,30.0,27.5,27.4,27.1,31.7,25.0,2,3.6,45.0,  RA  ,31.0,1009.6,86.362386718915,73.04873549906269,85.30646977407001,83.0,85.0,6.208333333333333,BL,14.0,300.0
2021,2,1.0,25.6,33.0,28.2,28.1,28.0,33.2,25.2,26.6,5.6,70.0,  RA  ,01,1010.5,90.19763410809563,62.555244415838985,81.88023772703265,81.0,83.0,5.958333333333333,BL,12.0,320.0
2021,2,2.0,26.7,32.7,29.0,28.8,28.7,33.1,25.8,6.2,5.6,70.0,  RA  ,02,1009.7,87.34023376449602,62.92847751674029,75.89543132864442,78.0,78.0,5.375,B,12.0,310.0
2021,2,3.0,26.5,31.2,27.7,28.0,27.5,31.5,25.1,-,3.2,40.0,TS    ,03,1010.1,88.05724609978007,65.4974547784623,81.68649616661939,81.0,83.0,5.916666666666667,BL,15.0,300.0
2021,2,4.0,25.8,31.2,26.5,27.3,27.0,31.6,25.1,6.6,3.7,46.25,TS RA  ,04,1010.7,90.24198092503607,64.2731910188947,89.6118904223609,84.0,86.0,5.416666666666667,B,12.0,320.0
2021,2,5.0,25.9,28.4,27.8,27.0,27.5,30.6,25.8,29,2.3,28.749999999999996,  RA  ,05,1009.7,89.47175935574822,83.3995240550639,80.27445638041887,86.0,82.0,5.5,BL,15.0,300.0
2021,2,6.0,27.2,30.2,28.0,28.2,27.6,31.0,24.6,2.5,3.0,37.5,  RA  ,06,1009.5,81.48757884906844,67.97172153416031,80.35841436359924,78.0,82.0,5.583333333333333,B,12.0,300.0
2021,2,7.0,26.6,32.3,28.6,28.5,28.6,33.0,26.0,3.5,5.8,72.5,  RA  ,07,1009.1,86.5437471238459,60.31428298938554,77.78325870166977,78.0,77.0,4.916666666666667,B,18.0,310.0
2021,2,8.0,26.9,29.1,26.0,27.2,26.9,31.2,24.8,-,1.9,23.75,     ,08,1007.1,84.35865952611987,80.10288209331219,95.08952159285738,86.0,88.0,5.458333333333333,BL,27.0,300.0
2021,2,9.0,26.6,31.2,28.4,28.2,28.4,32.2,26.2,32.6,3.9,48.75,  RA  ,09,1008.6,88.85779948974681,64.88419654410463,80.52370980548106,81.0,81.0,5.375,B,14.0,280.0
2021,2,10.0,26.8,29.6,26.3,27.4,27.6,32.1,26.0,2.5,2.8,35.0,TS RA  ,10,1008.8,88.90671270734428,74.83847792004364,94.31968328769726,87.0,87.0,3.9166666666666665,BL,17.0,280.0
2021,2,11.0,26.9,33.4,29.0,29.1,29.0,33.6,26.2,40.5,6.2,77.5,  RA  ,11,1009.1,88.93097500973069,61.11790506145757,82.17990099313865,80.0,80.0,4.833333333333333,BL,17.0,280.0
2021,2,12.0,26.8,33.8,27.6,28.8,28.3,34.2,26.0,-,5.6,70.0,TS    ,12,1009.5,88.90671270734428,58.60995497880436,84.59440032172179,80.0,82.0,4.416666666666667,BL,11.0,330.0
2021,2,13.0,26.6,32.6,29.8,28.9,28.5,33.0,25.4,22.5,7.1,88.75,TS RA  ,13,1011.5,83.49751167822245,60.53782991276427,75.6119273332423,76.0,81.0,5.125,B,19.0,270.0
2021,2,14.0,27.0,32.4,28.6,28.8,27.5,32.6,24.0,13.4,5.4,67.5,TS RA  ,14,1011.8,89.72528558852834,65.68132808454043,75.00257048572264,80.0,83.0,5.333333333333333,B,15.0,300.0
2021,2,15.0,25.7,32.6,29.3,28.3,28.3,34.3,25.7,18.5,6.2,77.5,TS RA Lightning,15,1011.0,92.62483586619102,62.85916939994319,78.10259730625512,82.0,79.0,4.708333333333333,BL,10.0,290.0
2021,2,16.0,27.0,33.0,30.3,29.3,28.4,33.4,24.8,-,7.6,95.0,TS    ,16,1010.2,85.90249604768772,62.555244415838985,70.60383825737726,76.0,80.0,5.916666666666667,BL,21.0,310.0
2021,2,17.0,25.5,33.6,26.4,27.8,27.8,33.8,25.2,64.8,5.7,71.25,TS RA Lightning,17,1009.8,94.21666413277119,60.695224712300856,82.66594833556785,83.0,80.0,5.0,B,11.0,300.0
2021,2,18.0,26.0,33.5,28.7,28.6,28.9,34.5,26.0,1.4,7.8,97.5,  RA  ,18,1010.4,82.50960343341829,57.27594635156619,75.74469711480636,75.0,76.0,6.166666666666667,BL,18.0,330.0
2021,2,19.0,26.8,31.9,28.6,28.5,27.9,32.1,25.5,-,4.4,55.00000000000001,     ,19,1010.0,84.32426114176714,61.77264009201249,75.69392615731566,77.0,77.0,5.916666666666667,B,14.0,290.0
2021,2,20.0,26.0,31.5,25.4,27.2,26.7,32.5,25.0,-,1.0,12.5,     ,20,1010.6,85.5862252803843,66.30946985698381,91.76423123386563,82.0,86.0,4.375,B,21.0,260.0
2021,2,21.0,25.6,32.5,26.6,27.6,28.0,34.0,25.4,18,7.3,91.25,TS RA  ,21,1011.9,88.60521761475269,61.62230522624101,90.41467422295305,82.0,80.0,4.708333333333333,B,11.0,160.0
2021,2,22.0,25.7,31.5,28.4,27.8,28.2,32.2,25.4,10.4,1.5,18.75,  RA  ,22,1010.7,91.01860327701102,69.40288984888305,77.68986333665214,82.0,82.0,5.791666666666667,B,11.0,310.0
2021,2,23.0,26.6,31.4,27.9,28.1,27.8,32.2,25.3,-,2.1,26.25,     ,23,1007.9,87.31227976924256,59.03424781584273,86.91737750798436,80.0,83.0,7.166666666666667,B,17.0,70.0
2021,2,24.0,26.2,29.8,28.8,27.8,27.8,30.5,24.8,38.1,2.3,28.749999999999996,  RA  ,24,1006.0,90.32925307559572,72.93984299242373,75.1067839724899,82.0,81.0,7.666666666666667,B,15.0,290.0
2021,2,25.0,25.4,28.0,27.6,26.6,26.7,30.4,25.0,26.4,2.2,27.500000000000004,  RA  ,25,1007.6,95.02249789790692,87.6904851741927,84.59440032172179,91.0,88.0,5.5,BL,25.0,130.0
2021,2,26.0,26.2,31.0,28.3,27.9,28.2,33.5,25.5,9,6.5,81.25,TS RA Lightning,26,1007.6,90.32925307559572,70.37064327856355,83.36465062467632,84.0,84.0,5.166666666666667,BL,16.0,300.0
2021,2,27.0,26.2,34.0,25.1,27.9,26.5,34.2,23.6,22.3,5.0,62.5,TS RA  ,27,1008.4,90.32925307559572,60.97823919749419,94.9881630915742,84.0,88.0,4.0,TG,17.0,280.0
2021,2,28.0,24.6,32.6,26.0,27.0,27.3,33.0,24.6,74.8,3.7,46.25,  RA  ,28,1009.2,95.76707288115011,63.44489039279688,90.28585167216603,86.0,86.0,2.7916666666666665,BL,7.0,180.0
2021,3,1.0,25.6,33.6,28.0,28.2,28.3,34.2,25.2,21.5,3.2,40.0,TS RA  ,1.0,1010.8,95.04508007848057,59.573172078111504,78.92403142117561,82.0,83.0,3.8333333333333335,T,21.0,180.0
2021,3,2.0,26.4,33.2,25.2,27.8,27.0,33.6,23.6,24.2,3.4,42.5,TS RA  ,2.0,1011.4,94.33225341453438,63.848985504591894,90.10748481432005,86.0,85.0,5.375,U,29.0,100.0
2021,3,3.0,25.2,32.0,28.4,27.7,27.9,32.4,24.8,20.8,4.9,61.25000000000001,  RA  ,3.0,1011.1,91.72637247271511,66.63043910631737,83.3995240550639,83.0,82.0,3.8333333333333335,B,10.0,350.0
2021,3,4.0,24.8,31.8,28.0,27.4,27.5,32.8,24.6,0.8,4.8,60.0,TS RA  ,4.0,1011.7,96.62327570662349,67.11351805563028,84.72525309285922,86.0,84.0,4.791666666666667,BL,15.0,320.0
2021,3,5.0,25.4,33.0,29.0,28.2,27.5,33.2,23.8,14.2,5.6,70.0,TS RA  ,5.0,1011.7,90.95705306620107,60.26014815147468,80.76528192707865,81.0,83.0,3.8333333333333335,U,25.0,170.0
2021,3,6.0,25.6,29.2,28.4,27.2,27.0,33.5,24.5,41.3,0.7,8.75,  RA Lightning,6.0,1011.2,95.8633603365631,74.63184462827458,79.81134216844922,87.0,86.0,3.8333333333333335,U,12.0,100.0
2021,3,7.0,25.4,30.3,28.3,27.4,27.2,31.0,24.6,7.5,4.5,56.25,  RA  ,7.0,1011.3,91.76423123386563,75.1900251597877,82.64018508563042,85.0,84.0,5.291666666666667,BL,13.0,340.0
2021,3,8.0,25.0,31.6,28.5,27.5,27.5,32.7,25.0,11.9,5.3,66.25,  RA  ,8.0,1011.4,93.32637261393613,66.37430989575631,79.1453968715332,83.0,80.0,5.0,B,15.0,300.0
2021,3,9.0,25.5,31.9,29.0,28.0,28.6,32.4,25.4,TTU,2.4,30.0,  RA  ,9.0,1010.7,87.78549878021408,58.26855170740187,75.20991612349528,77.0,77.0,3.875,BL,15.0,310.0
2021,3,10.0,26.9,30.8,27.2,28.0,27.9,32.0,26.2,0.2,3.2,40.0,  RA  ,10.0,1011.6,83.60631233434027,70.25431742012528,85.96375009384045,81.0,81.0,4.083333333333333,BL,10.0,320.0
2021,3,11.0,26.4,32.2,26.4,27.9,27.4,32.8,24.2,-,3.0,37.5,     ,11.0,1011.7,85.71477167459545,62.57846019952736,81.15807983141401,79.0,79.0,5.0,BL,11.0,340.0
2021,3,12.0,25.3,33.0,24.8,27.1,27.6,33.2,24.6,1,5.8,72.5,  RA  ,12.0,1011.7,87.72936180164767,56.880521396064054,92.47088262242758,81.0,80.0,4.25,BL,16.0,320.0
2021,3,13.0,25.1,33.7,24.4,27.1,27.4,34.6,24.2,13.6,6.6,82.5,TS RA  ,13.0,1011.6,90.89449208238999,59.64654294539604,94.90583201544271,84.0,84.0,3.2083333333333335,B,13.0,320.0
2021,3,14.0,25.3,33.2,28.8,28.2,28.1,33.7,24.8,13.6,4.4,55.00000000000001,TS RA  ,14.0,1010.2,92.55734073449953,54.29064351526009,81.3945593906994,80.0,80.0,3.4583333333333335,U,9.0,30.0
2021,3,15.0,25.6,33.4,29.5,28.5,29.2,33.8,25.6,1.3,7.5,93.75,  RA  ,15.0,1010.3,91.80168143581014,61.686289189657195,77.50580158753323,81.0,79.0,3.375,U,8.0,330.0
2021,3,16.0,26.8,29.5,28.6,27.9,28.1,32.6,25.8,3.4,0.6,7.5,  RA  ,16.0,1010.8,91.23598014520165,77.50580158753323,83.46872963731322,86.0,85.0,2.5416666666666665,U,7.0,10.0
2021,3,17.0,26.2,30.8,29.0,28.1,28.6,32.8,25.0,8,3.1,38.75,  RA  ,17.0,1010.5,90.32925307559572,73.47335716573123,80.76528192707865,84.0,81.0,2.7916666666666665,TL,7.0,40.0
2021,3,18.0,26.8,33.8,30.0,29.4,28.4,34.4,25.0,-,5.9,73.75,TS    ,18.0,1008.5,88.90671270734428,55.33005868405987,77.05525422069958,78.0,78.0,3.5,B,12.0,290.0
2021,3,19.0,25.8,33.5,30.4,28.9,28.9,34.0,25.8,29.2,8.0,100.0,TS RA  ,19.0,1009.1,88.65682829400109,60.06047876412948,71.95797343114366,77.0,79.0,4.458333333333333,B,12.0,330.0
2021,3,20.0,26.8,33.6,30.4,29.4,29.6,33.7,25.8,23.3,7.7,96.25,  RA  ,20.0,1007.7,86.60291684321892,57.35386383357239,66.83218087679033,74.0,75.0,5.583333333333333,B,12.0,330.0
2021,3,21.0,27.6,33.6,29.8,29.7,29.1,34.4,25.4,-,7.6,95.0,TS   Lightning,21.0,1007.0,82.37990451903919,58.459408741925415,79.6947592063912,76.0,78.0,4.708333333333333,BL,12.0,360.0
2021,3,22.0,26.5,34.3,30.5,29.5,29.8,35.0,26.3,7,7.1,88.75,TS RA  ,22.0,1008.7,85.74647865707125,54.13252485226756,70.72053802467639,74.0,74.0,3.7916666666666665,BL,11.0,340.0
2021,3,23.0,27.2,32.3,29.4,29.0,28.2,33.6,24.4,-,5.4,67.5,    Lightning,23.0,1009.1,84.46076283297424,62.06220839326235,80.9222185119632,78.0,83.0,3.375,B,9.0,360.0
2021,3,24.0,25.6,33.1,29.6,28.5,29.2,33.7,25.5,38,6.0,75.0,  RA  ,24.0,1009.2,93.41746228939556,62.048421178372216,78.2359623324487,82.0,79.0,2.6666666666666665,U,9.0,330.0
2021,3,25.0,27.4,33.1,29.0,29.2,28.9,33.4,25.8,1,5.1,63.74999999999999,  RA  ,25.0,1009.2,87.5318087351986,60.33355843625727,79.36106316073894,79.0,81.0,3.4166666666666665,S,8.0,40.0
2021,3,26.0,26.8,32.5,29.0,28.8,28.9,33.4,26.4,TTU,1.5,18.75,TS RA  ,26.0,1008.9,88.90671270734428,62.2048319598708,82.17990099313865,81.0,82.0,2.125,T,10.0,40.0
2021,3,27.0,26.8,32.8,29.4,29.0,28.8,34.0,25.3,0.5,4.5,56.25,TS RA Lightning,27.0,1008.7,92.80314120005833,67.72648566841954,79.5296241834943,83.0,81.0,2.875,U,8.0,360.0
2021,3,28.0,26.2,34.9,29.0,29.1,29.8,35.2,26.2,-,6.9,86.25,     ,28.0,1008.7,86.4234912104948,56.728791917427415,80.76528192707865,78.0,77.0,2.6666666666666665,BL,10.0,130.0
2021,3,29.0,27.2,32.4,29.8,29.2,29.3,33.2,26.0,-,2.5,31.25,TS    ,29.0,1008.4,89.76980912726532,64.49001924820028,77.64202434679449,80.0,80.0,2.9166666666666665,U,9.0,40.0
2021,3,30.0,27.2,28.6,28.9,28.0,27.5,30.3,25.5,-,0.6,7.5,     ,30.0,1007.3,89.00299557647027,84.19126792711941,79.31837635889589,85.0,85.0,2.625,BL,8.0,350.0
2021,3,31.0,25.7,34.2,30.5,29.0,29.4,35.0,25.5,3.5,7.9,98.75,TS RA Lightning,31.0,1006.3,91.01860327701102,55.651107659603724,75.28818477215043,78.0,79.0,4.125,BL,10.0,160.0
2021,4,01,26.5,33.5,30.2,29.2,28.7,34.4,25.9,4.6,5.4,67.5,TS RA  ,01,1006,92.75554533892954,66.37142882133288,73.15651806356883,81,80,3.8333333333333335,BL,14,300
2021,4,02,26.5,32.2,31,29.1,29.7,33.5,26.2,TTU,5.2,65,  RA  ,02,1007.1,84.21995597919079,65.55177739032987,71.00714699271731,76,77,4.041666666666667,B,10,340
2021,4,03,27.4,35.7,29.6,30,30.2,36,26.8,-,8,100,     ,03,1008.4,88.28969796249643,48.19851817176033,72.82982508039592,74,73,4.375,B,13,340
2021,4,04,27.6,35,27.4,29.4,28.5,35.4,25,-,6.4,80,TS    ,04,1008.4,84.59440032172179,55.22107859728408,81.56777857178838,76,79,4.416666666666667,B,14,160
2021,4,05,26.3,34,30.8,29.4,30.1,35,26.2,12.6,6.7,83.75,  RA  ,05,1008.5,88.78344427844344,55.49137135821913,77.41572778141979,78,77,4.875,BL,10,300
2021,4,06,27.8,27.6,27,27.6,27.6,32.8,25.6,-,1.7,21.25,TS    ,06,1009.3,80.27445638041887,80.18960841692854,90.49829607025424,83,86,3.8333333333333335,BL,19,310
2021,4,07,26.8,30.4,27.1,27.8,27.8,32.5,26,6.1,2.6,32.5,TS RA  ,07,1009.3,87.36803915131289,75.23922944922116,87.45057408714351,84,86,3.8333333333333335,BL,11,300
2021,4,08,26.4,33.1,29.2,28.8,28.3,33.3,25.8,7.5,4.2,52.5,TS RA  ,08,1007.7,91.94751106939377,61.47468131846462,78.05768284876574,81,81,5.5,BL,9,320
2021,4,09,26.6,33.4,30.8,29.4,29.5,34.5,26.5,5.8,6.8,85,  RA Lightning,09,1009.1,85.778016219296,61.686289189657195,72.17859456011107,76,77,4.166666666666667,BL,14,350
2021,4,10,27.2,31.2,28.8,28.6,28.2,32.8,24.4,TTU,3.1,38.75,TS RA  ,10,1011.2,84.46076283297424,73.67930641426574,84.97891009814008,82,83,3.1666666666666665,TG,9,360
2021,4,11,25.4,32.4,30.2,28.4,29.3,33.7,25.4,1.8,6.6,82.5,TS RA  ,11,1012.9,88.55304402861806,60.389171719990934,73.15651806356883,78,77,3.75,TG,12,340
2021,4,12,26.7,34.4,29,29.2,29.3,35,26.2,TTU,6.6,82.5,TS RA  ,12,1012.2,88.88232117273685,57.422040007203556,82.17990099313865,79,79,3.25,BL,9,320
2021,4,13,27,34.1,29,29.3,29.2,34.1,26.1,3.3,6.3,78.75,  RA  ,13,1012.3,90.49829607025424,54.500246266789375,79.36106316073894,79,77,2.5416666666666665,S,8,070
2021,4,14,27.1,31.4,29.5,28.8,28.8,33.2,24.8,-,5.7,71.25,     ,14,1012.2,85.93320426278605,69.97066069376442,74.78721885027767,79,79,3.875,U,7,300
2021,4,15,25.6,33.7,29.4,28.6,29.3,34.5,25.6,-,7.6,95,     ,15,1011.6,87.02432997894202,55.7914318524779,74.73569484403635,76,75,3.2083333333333335,T,9,060
2021,4,16,27,33.8,31,29.7,30,34.2,25.8,-,8,100,     ,16,1012.1,86.66145969485348,57.50855219730007,68.47518262642079,75,74,3.9166666666666665,U,8,120
2021,4,17,27,33.4,30.4,29.5,29.7,35,26,-,8,100,     ,17,1011.8,85.90249604768772,53.917184009949004,59.41998385053245,71,72,3.875,TG,10,120
2021,4,18,27,34,29,29.3,29.3,34.6,25,-,7.6,95,TS    ,18,1013,82.89424882832314,48.65502597970205,80.76528192707865,74,75,4.333333333333333,TG,10,120
2021,4,19,25.4,33.5,30.4,28.7,29.6,35.4,25.4,1.6,8,100,  RA  ,19,1012.6,91.76423123386563,56.72519400076476,73.26320590951248,78,74,3.5,TG,10,130
2021,4,20,26.2,33.6,30.4,29.1,29.2,34.4,24.8,-,7.4,92.5,     ,20,1011.7,84.11395800824295,45.208431853281255,69.37621410439922,71,67,3.25,T,10,110
2021,4,21,25.2,33.6,30.4,28.6,29.2,33.6,25.1,-,7.8,97.5,     ,21,1012.4,80.63632775645905,50.8892728098128,63.08544839275151,69,68,4,TG,13,140
2021,4,22,26.1,33.1,30.2,28.9,29.4,34,25.2,-,7.9,98.75,     ,22,1011.9,81.03081695581584,52.57732110836596,67.97172153416031,71,69,3.5416666666666665,TL,9,120
2021,4,23,26.1,32.6,29.6,28.6,29.4,34.5,26,-,7.9,98.75,     ,23,1011.8,79.523574966565,50.5045535447036,74.83847792004364,71,70,2.9583333333333335,TL,7,010
2021,4,24,26.5,33.4,30.2,29.2,29.7,33.6,26.1,TTU,7.9,98.75,  RA  ,24,1011.5,82.70451036372832,52.83970951068226,73.81542812744163,73,71,4.375,TG,11,120
2021,4,25,26.5,33.2,29.7,29,29.4,34.3,26.5,-,5.4,67.5,     ,25,1012,82.70451036372832,55.93409834690558,69.59288039511871,73,75,3.5416666666666665,TG,10,120
2021,4,26,27.6,34.5,30,29.9,30.2,35.4,27.2,-,7.7,96.25,     ,26,1011.9,84.59440032172179,58.038188857350384,71.7328099909835,75,74,5.083333333333333,TG,11,140
2021,4,27,28.4,34,30.8,30.4,30.4,34.5,26.2,-,7.6,95,     ,27,1012.2,84.85339814969886,52.29542773842082,65.8462913116989,72,69,5.916666666666667,TG,11,140
2021,4,28,27,32.5,29.4,29,29,33.6,26.2,-,4.9,61.25000000000001,     ,28,1012.8,79.19515751478124,62.78951597391542,76.77510078007835,74,77,3.3333333333333335,BL,10,040
2021,4,29,26.8,32,29.1,28.7,29.4,33.4,26.8,2,7.3,91.25,  RA  ,29,1012.1,87.36803915131289,65.42092889006355,79.40352982567806,80,78,4.458333333333333,TG,9,110
2021,4,30,27.6,34.1,29.8,29.8,29.8,34.6,27,-,6.9,86.25,     ,30,1010.9,85.33799824315096,56.11000977698222,75.6119273332423,76,77,3.2083333333333335,T,11,130
2021,4, , , , , , , , , , , , , , , , , , , , , , , 
2021,5,1.0,28.0,34.2,29.9,30.0,30.0,35.1,26.5,-,7.0,87.5,TS    ,1.0,1012.0,86.9450737989894,59.45633891140428,76.33384622965673,77.0,77.0,3.9583333333333335,TG,9.0,120.0
2021,5,2.0,27.4,33.6,29.8,29.6,29.8,33.8,27.0,3,7.6,95.0,  RA  ,2.0,1011.1,92.12127364764378,59.573172078111504,78.3237395212866,81.0,78.0,5.5,TG,14.0,140.0
2021,5,3.0,28.0,34.4,29.7,30.0,30.0,35.3,27.3,-,6.4,80.0,     ,3.0,1009.5,84.72525309285922,60.150227718567386,76.91625404147594,77.0,77.0,5.125,TG,12.0,150.0
2021,5,4.0,28.2,33.5,30.2,30.0,30.0,34.8,26.8,-,7.7,96.25,     ,4.0,1009.1,84.7896593674728,64.04660334144467,75.80682328878636,77.0,77.0,5.875,TG,11.0,120.0
2021,5,5.0,28.7,34.2,30.8,30.6,30.4,35.0,26.5,-,7.8,97.5,     ,5.0,1009.0,84.22408537113179,56.728252472099896,72.17859456011107,74.0,74.0,4.916666666666667,TG,10.0,130.0
2021,5,6.0,27.5,33.8,30.6,29.9,30.3,34.2,27.2,-,6.5,81.25,     ,6.0,1009.5,83.81876865103571,54.252829206189546,70.77844325470129,73.0,73.0,2.5,TL,7.0,140.0
2021,5,7.0,27.7,32.5,30.0,29.5,29.6,33.7,24.3,-,4.4,55.00000000000001,TS    ,7.0,1010.2,86.8615487603865,66.94349404735777,79.0920832572861,80.0,78.0,3.7083333333333335,TL,9.0,140.0
2021,5,8.0,27.0,32.0,29.6,28.9,28.8,34.6,25.0,27.5,4.7,58.75,  RA  ,8.0,1010.7,93.61892430048493,69.69372128248337,79.61261403540507,84.0,79.0,2.5416666666666665,U,6.0,60.0
2021,5,9.0,25.6,33.1,29.9,28.6,29.2,34.4,25.6,-,7.5,93.75,     ,9.0,1010.4,85.4548699350217,52.57732110836596,63.964015208975155,72.0,72.0,3.125,TG,8.0,110.0
2021,5,10.0,26.8,34.2,29.8,29.4,29.7,34.5,26.6,-,7.6,95.0,     ,10.0,1009.9,81.32459406590085,51.94324744140984,70.96144059935796,71.0,73.0,5.375,TG,12.0,120.0
2021,5,11.0,27.4,34.0,30.4,29.8,30.2,34.8,27.2,-,7.8,97.5,     ,11.0,1009.9,84.52793457568407,57.661728854405666,70.6623370407291,74.0,73.0,5.541666666666667,TG,12.0,140.0
2021,5,12.0,27.8,34.0,30.0,29.9,30.1,34.8,25.6,-,7.8,97.5,     ,12.0,1009.6,83.18752610992924,53.35288760163029,71.7328099909835,73.0,71.0,5.666666666666667,TG,13.0,140.0
2021,5,13.0,27.0,33.4,30.0,29.4,29.7,35.0,26.6,-,7.3,91.25,     ,13.0,1008.3,84.39287507978128,56.096081358812775,71.7328099909835,74.0,73.0,5.083333333333333,TG,16.0,130.0
2021,5,14.0,27.6,34.1,30.6,30.0,30.4,34.8,26.6,-,7.8,97.5,     ,14.0,1008.2,84.59440032172179,51.33374903417733,65.71089659970016,72.0,69.0,4.625,TG,12.0,140.0
2021,5,15.0,27.1,34.0,29.6,29.5,30.0,34.5,26.3,-,7.8,97.5,     ,15.0,1008.9,85.1786783801742,57.661728854405666,74.16646198878509,76.0,74.0,4.166666666666667,T,12.0,130.0
2021,5,16.0,26.6,33.7,30.2,29.3,29.7,35.2,25.6,-,7.8,97.5,     ,16.0,1009.4,86.5437471238459,57.43139825589962,67.97172153416031,75.0,72.0,3.7083333333333335,TG,13.0,140.0
2021,5,17.0,26.5,33.4,29.7,29.0,29.9,34.7,26.4,-,7.5,93.75,     ,17.0,1009.1,84.98182659422248,57.75148307394355,72.88497568801165,75.0,73.0,4.083333333333333,T,10.0,120.0
2021,5,18.0,26.9,33.4,30.6,29.5,29.7,34.0,25.3,-,6.7,83.75,     ,18.0,1010.3,85.11375948893904,56.64584557037473,66.33621640898531,73.0,75.0,4.333333333333333,TG,10.0,130.0
2021,5,19.0,26.2,30.7,27.8,27.7,28.4,32.6,26.2,89.3,2.9,36.25,  RA  ,19.0,1009.6,95.11138771291226,70.19571079409012,78.83384427875454,85.0,81.0,2.4583333333333335,S,9.0,130.0
2021,5,20.0,26.6,32.5,28.6,28.6,28.9,33.2,25.8,-,4.9,61.25000000000001,     ,20.0,1011.3,88.85779948974681,62.78951597391542,77.78325870166977,80.0,79.0,3.5833333333333335,T,9.0,340.0
2021,5,21.0,27.2,34.2,30.2,29.7,29.8,34.8,26.0,-,7.8,97.5,     ,21.0,1012.3,82.96873755837069,51.421332163866516,71.84596735571945,72.0,74.0,3.125,TG,9.0,140.0
2021,5,22.0,26.6,33.5,30.4,29.3,29.8,34.0,26.6,-,7.8,97.5,     ,22.0,1010.8,84.25491068126225,53.46302249795589,68.09952255247191,73.0,74.0,5.458333333333333,T,10.0,120.0
2021,5,23.0,27.0,32.5,29.7,29.1,29.3,32.7,26.9,-,4.7,58.75,     ,23.0,1010.9,86.66145969485348,65.1500115285397,73.55068380826383,78.0,77.0,3.5416666666666665,T,8.0,130.0
2021,5,24.0,27.5,33.4,30.6,29.8,30.2,33.8,27.2,-,7.8,97.5,     ,24.0,1012.3,86.05442464121225,60.551625545460396,68.22602122405351,75.0,74.0,4.958333333333333,TG,10.0,120.0
2021,5,25.0,28.0,34.1,29.6,29.9,30.0,35.1,27.5,-,7.2,90.0,     ,25.0,1011.7,77.5001101017608,59.38371983525674,79.61261403540507,73.0,77.0,4.217391304347826,TG,9.0,110.0
2021,5,26.0,28.2,33.9,29.8,30.0,29.6,34.1,27.2,-,5.6,70.0,TS    ,26.0,1011.2,87.00003527018885,61.4690172122218,71.61848531643072,77.0,79.0,5.458333333333333,TG,13.0,140.0
2021,5,27.0,27.8,33.0,30.0,29.7,30.2,34.0,27.4,-,6.8,85.0,     ,27.0,1011.0,87.63814578254772,64.88463066854185,79.77607128619746,80.0,78.0,6.375,TG,13.0,140.0
2021,5,28.0,28.0,32.3,29.2,29.4,29.2,33.8,25.8,TTU,5.1,63.74999999999999,  RA  ,28.0,1012.2,84.72525309285922,65.0188026263269,79.44577787810705,78.0,81.0,5.291666666666667,TG,14.0,130.0
2021,5,29.0,28.9,34.0,29.9,30.4,30.0,34.7,26.9,5.3,7.8,97.5,  RA  ,29.0,1011.8,84.28921402907748,59.310746248812876,77.68696928420337,76.0,76.0,3.6666666666666665,T,9.0,140.0
2021,5,30.0,27.1,31.1,29.5,28.7,29.0,32.4,26.8,TTU,3.9,48.75,  RA  ,30.0,1011.2,88.21344227467063,69.16491810310845,77.50580158753323,81.0,80.0,2.5,U,7.0,150.0
2021,5,31.0,27.1,31.6,28.4,28.6,29.0,32.2,26.8,TTU,5.5,68.75,  RA  ,31.0,1009.7,91.2930883546559,67.60239294546633,79.81134216844922,82.0,80.0,3.9166666666666665,TG,8.0,100.0
2021,6,1.0,26.9,33.1,30,29.2,29.3,33.6,26.4,TTU,7.4,92.5,  RA  ,1.0,1010.3,85.11375948893904,62.624292141188484,77.05525422069958,77,81,4.833333333333333,TG,16,150
2021,6,2.0,27.8,33.2,29.8,29.7,29.5,34.3,26.8,12.2,7.4,92.5,  RA  ,2.0,1010.7,89.9006044025714,60.40660647014445,74.94020855760668,79,79,4.625,TG,10,140
2021,6,3.0,28,33.4,30,29.9,29.9,33.8,27,-,7.8,97.5,     ,3.0,1011.4,88.43865189170356,62.82940745134301,77.05525422069958,79,77,5.666666666666667,TG,13,130
2021,6,4.0,27.6,34.3,30.2,29.9,30.1,34.8,27.4,0.4,7.8,97.5,  RA  ,4.0,1011.8,89.8574620701041,60.63208402982801,77.14674669916431,79,78,5.041666666666667,TG,13,150
2021,6,5.0,28,34.3,30,30.1,30.1,35.1,26.6,-,7.8,97.5,     ,5.0,1011.7,89.94329909209476,58.433307274709925,73.04873549906269,78,76,4.875,TG,12,150
2021,6,6.0,27.8,34.4,30.4,30.1,30.3,35,27,-,7.8,97.5,     ,6.0,1011.4,84.66016992712476,50.56100613161344,74.57811767655987,74,74,4.333333333333333,T,9,100
2021,6,7.0,27.3,32.9,29.8,29.3,29.6,33.6,26.2,-,7.4,92.5,     ,7.0,1012.3,83.00568613642008,64.2329663806745,78.3237395212866,77,77,2.2916666666666665,TL,7,050
2021,6,8.0,26.5,33.5,30.5,29.3,29.6,34.4,25.8,TTU,7.7,96.25,  RA  ,8.0,1012.1,86.51392440312202,55.629773066284216,71.36585117988143,75,75,4.125,TG,10,140
2021,6,9.0,27.1,34.7,29.8,29.7,29.6,35,26.4,2.8,7.6,95,  RA  ,9.0,1011.7,87.45057408714351,54.45754521759556,78.3237395212866,77,78,3.2083333333333335,TG,11,060
2021,6,10.0,27.8,34.5,29.1,29.8,29.4,35.7,26.7,-,7.3,91.25,     ,10.0,1010.3,86.14367824732606,55.35517600506409,80.10288209331219,77,77,3.9583333333333335,TG,11,130
2021,6,11.0,27.9,34.8,29.7,30.1,29.8,35,26.8,-,6.7,83.75,     ,11.0,1010.3,84.69279671462476,58.25971866606814,78.96560696950608,77,77,3.8333333333333335,TG,11,120
2021,6,12.0,27,33.7,29.7,29.4,29.4,34,26.8,TTU,7,87.5,  RA  ,12.0,1011.7,88.95510898878537,60.205481108569955,75.5625771965917,78,78,3.625,TG,10,120
2021,6,13.0,27.4,34.2,29.8,29.7,29.9,34.8,26.6,-,7.4,92.5,     ,13.0,1012,84.52793457568407,56.728252472099896,74.27096201770802,75,76,5.083333333333333,TG,12,140
2021,6,14.0,27.6,31.4,29,28.9,28.9,33,25.5,-,3.5,43.75,     ,14.0,1011.9,83.11536527376117,69.97066069376442,79.36106316073894,79,80,3.2083333333333335,TG,10,130
2021,6,15.0,27.4,31.2,26,28,27.7,34.8,25.7,-,3.7,46.25,TS    ,15.0,1010.2,87.5318087351986,71.75610541149318,90.28585167216603,84,85,4.25,S,17,170
2021,6,16.0,26,33,29.4,28.6,28.6,33.2,25.4,6.1,4,50,  RA Lightning,16.0,1011.4,91.8753792283236,64.88463066854185,78.14728097822254,82,82,4.875,TG,13,180
2021,6,17.0,26,32,27.4,27.9,28.1,32.6,25.6,9.2,2.9,36.25,  RA  ,17.0,1011.1,93.47656840107817,63.62335391406888,81.56777857178838,83,81,2.125,B,8,050
2021,6,18.0,26,33.8,28.8,28.7,28.5,34,26,-,5.9,73.75,     ,18.0,1013.4,90.28585167216603,60.837423012060285,79.9792315683067,80,80,2.9583333333333335,T,8,050
2021,6,19.0,26.6,33.1,28.6,28.7,28.2,33.3,24.9,-,2.8,35,     ,19.0,1012.6,87.31227976924256,62.624292141188484,77.08425915734786,79,79,3.25,TG,12,060
2021,6,20.0,25.3,28.1,28.1,26.7,27.8,32.6,25.1,-,3.9,48.75,    Lightning,20.0,1011.7,90.1302062701517,75.43604101334456,84.75754025065419,85,82,2.625,TG,9,140
2021,6,21.0,25.8,31.6,28.6,28,28.1,32,25.5,-,4.5,56.25,     ,21.0,1012.2,87.86856847981741,63.94518647294017,79.1889797069995,80,81,3.125,TG,7,110
2021,6,22.0,25.6,32.8,29.4,28.4,29.4,33.4,25.6,0.8,7.8,97.5,  RA  ,22.0,1012.3,89.3999783973894,61.259915381739496,76.77510078007835,79,76,4.375,TG,12,130
2021,6,23.0,27.6,31.4,28.8,28.9,29.3,34.6,26.5,-,5.8,72.5,     ,23.0,1012,87.58525622462767,68.09715082424871,83.53722184375974,82,79,4.541666666666667,TG,13,130
2021,6,24.0,28.1,26,27.2,27.4,27.3,32.4,24.8,-,4.5,56.25,     ,24.0,1011.5,85.49318249652462,93.47656840107817,81.48757884906844,86,87,5.291666666666667,TG,13,310
2021,6,25.0,25.7,31.2,29,27.9,28.7,32.6,25.7,46.2,5.8,72.5,  RA  ,25.0,1012.3,93.43235832784401,71.11977636715183,80.76528192707865,85,83,4.333333333333333,TG,10,180
2021,6,26.0,27.4,33.6,28.6,29.3,29,34.2,25.9,-,6.2,77.5,     ,26.0,1011.8,90.58016869644074,61.825637996690915,80.605071488962,81,79,3.25,S,12,140
2021,6,27.0,26.8,33.9,30.1,29.4,29.8,34.4,26.5,-,7.8,97.5,     ,27.0,1012,89.68028854656967,59.79221084257863,78.45373709731841,79,78,4.666666666666667,TG,12,140
2021,6,28.0,27.4,27.6,28,27.6,27.5,30.8,25.8,-,1.9,23.75,     ,28.0,1011.9,86.02435915620528,89.0972680703221,83.25893254604202,86,86,4.375,TG,12,130
2021,6,29.0,26.4,34,29,29,29.3,34,26.2,0.8,6.3,78.75,  RA  ,29.0,1011.2,90.3721917544973,56.57253152833923,77.9671551350185,79,77,3.875,TG,11,120
2021,6,30.0,27.6,33,28.6,29.2,28.8,33.2,25.7,TTU,5.9,73.75,  RA  ,30.0,1011.6,86.08433224972319,61.403446742597126,82.03162445547987,79,80,4.041666666666667,TG,12,080
2021,7,1.0,25.4,32.2,29.4,28.1,28.9,33.6,25.4,-,7.5,93.75,     ,1.0,1012.5,91.76423123386563,55.09944696919141,76.77510078007835,79.0,74.0,2.625,TL,9.0,100.0
2021,7,2.0,25.7,33.0,29.6,28.5,28.7,33.0,25.3,-,7.1,88.75,     ,2.0,1011.4,89.42403487582905,56.880521396064054,66.29178756270365,76.0,74.0,3.125,TG,9.0,120.0
2021,7,3.0,26.6,31.9,29.0,28.5,28.2,33.0,24.6,-,2.8,35.0,     ,3.0,1011.9,78.27212921417376,61.77264009201249,71.14918418862082,72.0,75.0,2.625,TG,7.0,140.0
2021,7,4.0,25.1,32.2,29.5,28.0,28.7,33.7,24.8,-,7.8,97.5,     ,4.0,1011.2,86.07906721432632,53.98016676039609,66.86709554625747,73.0,73.0,3.7083333333333335,TG,11.0,130.0
2021,7,5.0,25.6,33.6,29.4,28.6,28.4,34.4,23.4,-,7.8,97.5,     ,5.0,1011.6,85.4548699350217,48.2787298585728,63.59330427415417,71.0,67.0,5.916666666666667,TG,14.0,120.0
2021,7,6.0,23.7,32.2,30.0,27.4,27.9,34.2,23.2,-,7.7,96.25,     ,6.0,1010.0,82.34889283195061,50.12641636536785,55.474132728419754,68.0,67.0,4.125,TG,12.0,130.0
2021,7,7.0,23.8,34.0,30.0,27.9,29.0,34.2,23.3,-,7.8,97.5,     ,7.0,1010.6,79.98236602579162,41.16132163893557,59.09072814876585,65.0,66.0,4.333333333333333,TG,12.0,160.0
2021,7,8.0,25.8,33.5,29.2,28.6,28.6,34.2,25.8,-,4.7,58.75,     ,8.0,1010.8,82.43015182694727,54.00172038105071,76.67978016846965,74.0,75.0,3.625,S,8.0,50.0
2021,7,9.0,27.7,33.4,28.4,29.3,28.9,34.5,26.4,-,4.6,57.49999999999999,     ,9.0,1010.2,83.15154065464408,61.686289189657195,80.52370980548106,77.0,79.0,4.541666666666667,TG,13.0,50.0
2021,7,10.0,26.8,34.1,28.8,29.1,29.2,34.1,26.8,TTU,3.9,48.75,  RA  ,10.0,1009.2,89.68028854656967,58.284375417797364,79.27546788372959,79.0,79.0,7.375,TG,15.0,140.0
2021,7,11.0,28.4,33.4,29.2,29.9,29.4,33.6,26.0,-,7.9,98.75,     ,11.0,1010.2,81.95632530464322,59.425344364611234,75.31198191091583,75.0,75.0,7.833333333333333,S,18.0,160.0
2021,7,12.0,26.4,33.2,29.4,28.9,28.7,33.4,24.3,-,6.9,86.25,     ,12.0,1010.6,84.18481319440748,54.836446564128074,68.75058352877465,73.0,74.0,5.125,TG,17.0,140.0
2021,7,13.0,24.8,34.6,29.8,28.5,29.3,35.4,24.8,-,7.8,97.5,     ,13.0,1010.1,88.39306415806047,46.193168431851916,63.89064378323952,72.0,68.0,3.9166666666666665,TG,12.0,130.0
2021,7,14.0,25.4,33.6,29.2,28.4,28.9,35.2,24.4,-,7.7,96.25,     ,14.0,1009.7,84.60401329873766,41.71015887789002,72.60634996395858,71.0,69.0,4.0,U,11.0,130.0
2021,7,15.0,25.7,32.0,29.4,28.2,28.4,33.8,24.0,-,7.8,97.5,     ,15.0,1011.5,76.32690627267927,50.481169604251534,64.86857010352392,67.0,65.0,6.875,TG,21.0,150.0
2021,7,16.0,24.2,31.2,29.8,27.4,27.9,33.0,24.0,-,4.5,56.25,     ,16.0,1012.7,83.36125761542948,54.22144165282688,54.09821881857822,69.0,68.0,3.25,B,7.0,320.0
2021,7,17.0,25.2,31.9,28.8,27.8,28.2,32.4,25.0,-,4.3,53.75,     ,17.0,1012.4,80.63632775645905,54.840733340877065,71.02877367431519,72.0,73.0,3.7083333333333335,TG,12.0,130.0
2021,7,18.0,25.9,32.8,29.7,28.6,29.0,33.5,25.7,-,6.5,81.25,     ,18.0,1010.8,81.70602339482996,57.27982248427743,68.94167679367318,72.0,72.0,4.416666666666667,TG,12.0,110.0
2021,7,19.0,26.7,33.7,30.0,29.3,29.6,34.0,25.8,-,7.8,97.5,     ,19.0,1011.7,88.10986642175158,56.3360674609214,73.04873549906269,76.0,74.0,6.041666666666667,TG,14.0,140.0
2021,7,20.0,26.0,34.0,29.9,29.0,29.7,35.6,25.9,-,7.8,97.5,     ,20.0,1012.1,83.27457998973739,53.35288760163029,65.86032345448317,71.0,70.0,5.0,TG,11.0,140.0
2021,7,21.0,26.0,33.2,29.6,28.7,29.5,34.0,25.8,-,7.8,97.5,     ,21.0,1013.1,84.0423342777414,57.039869462245676,67.58032172685273,73.0,70.0,3.875,TG,12.0,110.0
2021,7,22.0,26.4,33.0,29.2,28.8,29.1,34.4,25.6,TTU,4.5,56.25,  RA  ,22.0,1011.8,85.71477167459545,56.880521396064054,71.26834341854764,75.0,74.0,5.208333333333333,TG,11.0,150.0
2021,7,23.0,25.6,34.3,30.0,28.9,29.1,35.0,25.0,-,7.7,96.25,     ,23.0,1011.3,85.4548699350217,49.443814726018005,69.12982537493674,72.0,70.0,4.5,TG,11.0,130.0
2021,7,24.0,25.9,34.2,29.2,28.8,28.7,34.3,23.4,-,7.8,97.5,     ,24.0,1012.8,83.23671719422398,47.31442463868271,61.53854195734709,69.0,69.0,4.625,TG,13.0,130.0
2021,7,25.0,24.3,33.1,28.6,27.6,28.0,33.6,22.8,-,7.8,97.5,     ,25.0,1012.9,85.00756484529377,50.96658013861578,70.90709427485386,73.0,70.0,4.625,TG,13.0,150.0
2021,7,26.0,23.4,33.5,29.2,27.4,28.0,33.5,22.6,-,7.8,97.5,     ,26.0,1011.6,86.3325590892943,47.15056732230789,66.66161429376073,72.0,70.0,5.125,TG,12.0,140.0
2021,7,27.0,23.4,32.3,28.2,26.8,27.8,33.9,23.0,-,7.8,97.5,     ,27.0,1013.3,86.3325590892943,51.31055197347454,66.61794985770305,73.0,70.0,4.875,TG,14.0,150.0
2021,7,28.0,23.9,32.6,29.0,27.4,28.2,33.7,23.4,-,7.8,97.5,     ,28.0,1012.3,85.67884783076248,52.677307430286945,65.22251690366721,72.0,68.0,4.916666666666667,S,10.0,130.0
2021,7,29.0,24.4,32.6,30.1,27.9,29.1,34.0,24.4,-,7.8,97.5,     ,29.0,1012.8,84.24028466547003,48.89566707418056,65.9980489099159,71.0,69.0,3.6666666666666665,TG,11.0,80.0
2021,7,30.0,25.8,32.9,30.0,28.6,29.1,34.4,25.4,-,6.9,86.25,     ,30.0,1012.5,83.96993098278614,56.243142362303544,71.7328099909835,74.0,75.0,4.791666666666667,TG,11.0,130.0
2021,7,31.0,25.8,33.6,29.2,28.6,29.0,35.0,24.8,-,7.7,96.25,     ,31.0,1011.9,87.86856847981741,53.54816481542692,75.31198191091583,76.0,72.0,4.208333333333333,TG,10.0,130.0
2021,8,1.0,25.2,33.4,29.2,28.3,28.8,34.0,25.2,-,7.7,96.25,     ,1.0,1012.4,85.32062433157787,55.002618204861264,70.6030049832072,74.0,72.0,4.541666666666667,T,15.0,150.0
2021,8,2.0,25.4,34.0,29.8,28.7,29.5,34.2,25.4,-,7.8,97.5,     ,2.0,1012.1,90.15280438641373,50.20373482346915,71.61848531643072,76.0,71.0,4.708333333333333,TG,13.0,130.0
2021,8,3.0,25.6,34.8,29.2,28.8,29.4,34.8,25.2,-,5.9,73.75,     ,3.0,1013.0,85.4548699350217,52.97208646042074,73.9542007513979,74.0,75.0,4.458333333333333,TG,13.0,150.0
2021,8,4.0,26.0,34.7,29.4,29.0,29.3,35.8,25.2,1.2,7.8,97.5,  RA  ,4.0,1013.8,87.92320360553816,50.824381639328756,71.38626869012107,75.0,74.0,6.458333333333333,TG,17.0,150.0
2021,8,5.0,26.1,33.5,29.5,28.8,29.5,35.5,26.0,-,7.7,96.25,     ,5.0,1013.8,88.73320626629463,53.46302249795589,71.44477393192955,76.0,72.0,6.708333333333333,TG,18.0,150.0
2021,8,6.0,27.3,33.4,29.5,29.4,29.6,33.8,26.4,-,7.7,96.25,     ,6.0,1013.1,83.00568613642008,58.865324783120585,77.50580158753323,76.0,73.0,7.583333333333333,TG,18.0,140.0
2021,8,7.0,27.8,33.5,28.1,29.3,29.3,35.0,26.7,-,7.1,88.75,     ,7.0,1012.7,78.11747850561429,58.940476305099,82.56679095122321,74.0,77.0,7.041666666666667,TG,17.0,160.0
2021,8,8.0,27.7,34.0,30.4,30.0,29.9,34.5,26.6,-,7.1,88.75,     ,8.0,1013.0,83.8881019169581,58.209363090969305,74.57811767655987,75.0,75.0,6.166666666666667,TG,15.0,140.0
2021,8,9.0,27.6,33.2,29.6,29.5,29.6,35.2,26.6,TTU,7.9,98.75,  RA  ,9.0,1012.9,84.59440032172179,61.54556501029602,78.2359623324487,77.0,75.0,5.958333333333333,TG,13.0,130.0
2021,8,10.0,27.7,34.3,28.6,29.6,28.4,34.6,23.6,-,7.6,95.0,     ,10.0,1012.3,83.15154065464408,50.98946197108186,73.62742554694285,73.0,73.0,5.375,TG,12.0,130.0
2021,8,11.0,24.5,32.8,29.1,27.7,28.6,35.7,24.3,-,7.7,96.25,     ,11.0,1013.0,85.88228248723753,48.02955685197649,64.6496419657526,71.0,68.0,5.625,TG,15.0,130.0
2021,8,12.0,25.0,33.9,29.6,28.4,29.3,34.4,25.0,-,7.1,88.75,     ,12.0,1013.2,85.2523915505629,51.15727954278812,72.82982508039592,74.0,70.0,6.875,TG,15.0,140.0
2021,8,13.0,26.4,35.0,29.0,29.2,29.3,35.3,25.5,TTU,7.2,90.0,  RA  ,13.0,1011.8,81.15807983141401,46.08161469651017,77.9671551350185,72.0,73.0,4.625,TG,12.0,80.0
2021,8,14.0,26.1,34.2,30.4,29.2,29.8,34.4,25.9,-,7.8,97.5,     ,14.0,1011.6,86.39302130901606,47.31442463868271,71.30896090281328,73.0,71.0,6.583333333333333,TG,17.0,150.0
2021,8,15.0,27.0,33.8,30.1,29.5,29.9,35.4,26.5,-,7.7,96.25,     ,15.0,1012.0,79.92959762455779,56.41527663544903,69.83772939572259,72.0,72.0,7.833333333333333,TG,17.0,140.0
2021,8,16.0,26.5,33.2,29.8,29.0,29.4,34.8,25.4,0.7,7.8,97.5,  RA  ,16.0,1013.6,86.51392440312202,55.93409834690558,63.89064378323952,73.0,69.0,6.375,TG,16.0,130.0
2021,8,17.0,26.2,34.6,30.4,29.4,29.8,34.8,25.4,-,7.8,97.5,     ,17.0,1013.3,78.07670594017172,42.76135916553575,63.08544839275151,66.0,66.0,3.75,TG,11.0,160.0
2021,8,18.0,26.7,32.6,30.0,29.0,29.1,33.4,25.4,-,5.0,62.5,     ,18.0,1011.3,81.28330030681553,57.119441728229816,69.12982537493674,72.0,73.0,3.0,TG,15.0,140.0
2021,8,19.0,26.2,33.4,29.6,28.9,29.0,34.4,25.0,-,7.2,90.0,     ,19.0,1010.4,85.65084461599145,54.45890182762074,66.29178756270365,73.0,72.0,3.875,TG,11.0,280.0
2021,8,20.0,26.1,34.5,29.4,29.0,29.3,36.0,25.4,TTU,6.9,86.25,  RA  ,20.0,1011.6,81.03081695581584,49.62453269193971,72.71866605592312,71.0,71.0,4.75,TG,15.0,150.0
2021,8,21.0,26.3,33.8,30.3,29.2,29.5,35.8,25.5,-,7.5,93.75,     ,21.0,1011.8,81.8701625185645,52.651813296363834,68.67426249286548,71.0,71.0,4.958333333333333,TG,12.0,130.0
2021,8,22.0,26.0,34.2,30.2,29.1,29.4,35.0,24.5,-,7.6,95.0,     ,22.0,1012.1,85.5862252803843,47.31442463868271,64.18185969838075,71.0,69.0,5.0,TG,12.0,130.0
2021,8,23.0,25.0,32.8,29.5,28.1,28.8,34.7,24.2,-,7.9,98.75,     ,23.0,1011.8,83.67229545386,48.55792625152143,61.77664129892523,69.0,68.0,5.25,TG,15.0,150.0
2021,8,24.0,24.5,33.4,30.0,28.1,28.8,34.4,24.4,-,7.9,98.75,     ,24.0,1011.8,87.4985649581249,51.238271843139614,64.03700658681637,73.0,68.0,5.0,TG,13.0,120.0
2021,8,25.0,25.7,33.7,29.8,28.7,28.7,36.0,24.4,-,7.9,98.75,     ,25.0,1011.5,80.85787971678428,45.81521404427532,66.42898956944073,68.0,67.0,4.458333333333333,TG,13.0,150.0
2021,8,26.0,25.0,34.2,29.0,28.3,28.5,34.4,23.6,-,7.9,98.75,     ,26.0,1011.2,82.10352798927163,42.347191493292954,64.5758961059234,68.0,64.0,4.583333333333333,TG,15.0,130.0
2021,8,27.0,24.2,33.9,30.0,28.1,29.1,33.9,23.7,-,7.6,95.0,     ,27.0,1010.9,81.76217323890577,45.50903043940914,67.8426000449919,69.0,67.0,4.041666666666667,T,10.0,130.0
2021,8,28.0,27.1,33.7,29.8,29.4,29.5,35.4,25.4,-,7.1,88.75,     ,28.0,1009.8,77.05820519582213,47.85810308891969,66.42898956944073,67.0,69.0,6.291666666666667,TG,14.0,150.0
2021,8,29.0,26.4,33.5,30.1,29.1,30.0,35.5,26.4,-,7.8,97.5,     ,29.0,1009.9,78.17494620895789,48.18347531486469,68.54843367058875,68.0,67.0,5.5,TG,14.0,160.0
2021,8,30.0,26.9,34.1,29.6,29.4,29.6,34.3,25.8,-,4.8,60.0,     ,30.0,1010.3,81.36566724985619,50.812775414337295,72.16518276949283,71.0,70.0,5.5,TG,15.0,160.0
2021,8,31.0,26.2,34.7,29.8,29.2,29.7,36.0,25.2,-,7.7,96.25,     ,31.0,1011.3,84.11395800824295,49.29584857979207,67.71213967567287,71.0,69.0,4.916666666666667,TG,15.0,150.0
2021,9,1.0,25.8,34.5,30.6,29.2,29.4,35,24.6,-,7.8,97.5,     ,1.0,1011.1,83.96993098278614,44.12137757755559,57.19248127005084,67,66,5.166666666666667,TG,11,140
2021,9,2.0,25.5,33.4,29.6,28.5,28.9,36,24.6,-,7.8,97.5,     ,2.0,1012.1,81.53827686942063,44.49830630646136,67.58032172685273,69,66,4.541666666666667,S,13,160
2021,9,3.0,25.8,32.8,29.7,28.5,28.7,33.6,24.4,-,7.7,96.25,     ,3.0,1011.2,77.12765603361257,49.08822317968587,70.24647518936983,68,67,4.5,BL,13,120
2021,9,4.0,25.4,32.6,30.1,28.4,29,33.2,25.2,-,7.8,97.5,     ,4.0,1010.9,79.19378952750962,52.677307430286945,69.83772939572259,70,68,4.833333333333333,TG,10,050
2021,9,5.0,25.7,32.5,30.2,28.5,29.2,34.4,25.4,-,4.5,56.25,     ,5.0,1011.3,81.62260751997363,55.91366246794263,65.43590651116466,71,70,4.416666666666667,TG,12,150
2021,9,6.0,26.2,33.5,29.8,28.9,29.6,35.7,25.6,-,7.8,97.5,     ,6.0,1012.3,80.32020776069108,53.46302249795589,72.2779492718415,72,71,4.708333333333333,TG,18,140
2021,9,7.0,25.8,33.7,29.8,28.8,29.5,34.3,25.8,-,8,100,     ,7.0,1012.9,85.52090374708065,51.505922569171005,71.61848531643072,74,70,5.625,TG,15,150
2021,9,8.0,26.2,34,29.7,29,29.2,35.2,24.9,-,8,100,     ,8.0,1011.1,82.58819822995022,47.631982320396574,68.94167679367318,70,67,6.708333333333333,TG,15,140
2021,9,9.0,25.4,32.8,30,28.4,29.6,35.4,25.4,-,8,100,     ,9.0,1012.3,80.72567796841399,48.02955685197649,57.87645852354139,67,64,6.333333333333333,S,13,140
2021,9,10.0,27,33.6,29.6,29.3,29.7,34.4,26.5,-,6.5,81.25,     ,10.0,1012.7,75.56270575233306,48.7970208456448,68.87830926054941,67,67,4.25,TG,12,120
2021,9,11.0,28,31.9,27.2,28.8,28.6,33,26.6,-,1.2,15,     ,11.0,1010.9,78.21076876497683,58.84721603503466,82.96873755837069,75,76,5.25,S,14,130
2021,9,12.0,27.2,32.3,26.3,28.3,28.3,35.9,26,TTU,2.9,36.25,  RA  ,12.0,1010,84.46076283297424,59.73592378710582,87.22751553919653,79,81,5.666666666666667,TG,14,080
2021,9,13.0,27.4,31.5,28.2,28.6,28.2,33.6,26.4,9,2.9,36.25,  RA  ,13.0,1011.9,86.02435915620528,70.6563750918208,80.44149476925925,81,83,4.208333333333333,TG,12,140
2021,9,14.0,27.9,28.8,28.8,28.4,27.4,32.3,24.3,9.5,4.7,58.75,  RA  ,14.0,1012.5,83.22332296781994,71.70224549645998,79.9792315683067,80,85,5.666666666666667,S,13,360
2021,9,15.0,25.6,32.6,29.9,28.4,29.1,33.6,23.8,61.5,7.9,98.75,  RA  ,15.0,1013.5,95.04508007848057,55.438345090617844,74.32281093507183,80,76,4.5,TG,12,120
2021,9,16.0,26.8,34.2,29.4,29.3,29.3,36.2,25.4,-,6.4,80,     ,16.0,1012.3,87.36803915131289,49.35278487793812,72.71866605592312,74,75,3.375,TG,9,110
2021,9,17.0,26,33.2,30.4,28.9,29.3,34,25.8,-,5.9,73.75,     ,17.0,1012,85.5862252803843,47.89482667656357,64.32522391322146,71,71,6.708333333333333,TG,15,140
2021,9,18.0,27.2,34,29.6,29.5,29.5,35.4,25.4,-,8,100,     ,18.0,1011.3,81.48757884906844,43.61382825094211,68.87830926054941,69,69,7.375,TG,19,140
2021,9,19.0,26.4,32.6,29.6,28.8,29.2,33,25,-,8,100,     ,19.0,1012,85.71477167459545,55.438345090617844,71.50297705927564,75,69,6.916666666666667,TG,13,140
2021,9,20.0,26,33.4,30.6,29,29.7,33.4,25.8,-,6.8,85,     ,20.0,1011.9,82.50960343341829,51.770125917571264,65.71089659970016,71,69,6.375,TG,14,140
2021,9,21.0,26.6,31.8,28.6,28.4,28.7,34.8,26.2,1,2.3,28.749999999999996,  RA  ,21.0,1010.9,82.74286567671295,60.5203761747886,77.78325870166977,76,77,3.9166666666666665,TG,11,150
2021,9,22.0,26.8,32,29.5,28.8,29.2,34.7,24.2,-,5.2,65,     ,22.0,1011.9,83.57023915739346,55.49237042653965,74.11380715619863,74,73,6.666666666666667,TG,17,140
2021,9,23.0,27.2,33.1,29.4,29.2,29.3,33.6,26.3,6,4.2,52.5,  RA  ,23.0,1012.1,87.47779542494723,51.501528000936915,74.06087993978659,75,75,5.875,TG,16,140
2021,9,24.0,27.1,32.4,28.5,28.8,28.5,34.2,26,-,3,37.5,TS    ,24.0,1011.7,84.4269090897893,57.5241521736213,75.64288901416833,76,78,3.9166666666666665,TG,11,070
2021,9,25.0,26.6,33.6,29.8,29.2,29.6,34.8,26.3,1.5,7,87.5,  RA  ,25.0,1010.4,88.08362644659897,53.012467820626185,74.27096201770802,76,72,5.958333333333333,TG,11,150
2021,9,26.0,27.9,33.9,29.4,29.8,29.1,35.6,25.6,-,6,75,     ,26.0,1009.9,77.45204443952214,55.41091339887332,78.14728097822254,72,74,4.791666666666667,TG,12,140
2021,9,27.0,26.9,34,30.8,29.7,29.6,35.9,25.4,-,7.9,98.75,     ,27.0,1010.2,78.41595394066255,48.142566727591564,57.95443140005343,66,68,5.166666666666667,TG,12,120
2021,9,28.0,26.2,33.2,30.2,29,29.2,33.7,24.8,-,8,100,     ,28.0,1010.3,79.56966890734832,52.66522130342414,66.69916687023925,70,68,5.333333333333333,TG,14,130
2021,9,29.0,26,34.2,30.4,29.2,29.8,34.5,25.2,-,8,100,     ,29.0,1010.6,77.23152009345348,47.82121327267612,64.32522391322146,67,68,5.5,TG,14,140
2021,9,30.0,26.9,34.5,30.4,29.7,29.7,34.8,24.8,-,8,100,     ,30.0,1011.1,79.14936636663771,50.13593691208289,65.57410812806509,69,70,5,TG,13,150
2021,10,1.0,26.4,34.4,31.2,29.6,29.9,34.6,25.3,-,8.0,100.0,     ,1.0,1011.5,81.15807983141401,48.00857687791263,60.65392104351528,68.0,68.0,3.9166666666666665,TL,12.0,120.0
2021,10,2.0,26.2,34.0,30.4,29.2,29.7,35.4,25.4,-,7.7,96.25,     ,2.0,1011.6,78.07670594017172,52.29542773842082,65.57410812806509,69.0,66.0,3.375,T,9.0,310.0
2021,10,3.0,25.6,34.2,31.0,29.1,29.4,34.8,25.6,-,6.5,81.25,     ,3.0,1011.1,87.81333903538659,48.32986410252225,65.98031135011355,72.0,70.0,4.041666666666667,TL,11.0,10.0
2021,10,4.0,27.4,33.4,30.0,29.6,29.1,34.2,25.0,-,5.2,65.0,     ,4.0,1010.0,77.20786278348179,52.83970951068226,66.56477616942993,68.0,71.0,4.458333333333333,S,11.0,160.0
2021,10,5.0,26.2,32.1,30.3,28.7,29.0,35.5,26.2,-,5.6,70.0,     ,5.0,1009.6,79.56966890734832,60.7461461799193,69.31508989322484,72.0,69.0,4.583333333333333,TG,12.0,130.0
2021,10,6.0,27.1,30.8,29.4,28.6,28.2,30.8,24.8,-,0.4,5.0,     ,6.0,1009.7,76.33597429865063,67.09415414409466,68.75058352877465,72.0,71.0,4.25,TG,9.0,140.0
2021,10,7.0,25.9,33.5,30.0,28.8,29.0,34.8,25.0,-,8.0,100.0,     ,7.0,1009.9,76.43481459752137,50.799044562986715,67.8426000449919,68.0,67.0,4.333333333333333,TG,13.0,120.0
2021,10,8.0,26.2,34.5,30.5,29.4,29.3,34.8,24.5,-,8.0,100.0,     ,8.0,1010.6,75.1229049149635,41.2117196688747,67.52939348140707,65.0,67.0,4.625,TG,10.0,50.0
2021,10,9.0,26.6,33.8,30.7,29.4,29.8,35.5,25.4,-,8.0,100.0,     ,9.0,1010.8,76.80336504906293,46.42138598916012,71.47876718622221,68.0,67.0,4.5,T,12.0,130.0
2021,10,10.0,26.4,34.3,29.5,29.2,29.5,35.9,26.0,-,8.0,100.0,     ,10.0,1010.0,78.91668413795591,50.47234818741293,74.11380715619863,71.0,70.0,4.083333333333333,TG,11.0,120.0
2021,10,11.0,26.9,33.6,31.0,29.6,29.6,35.3,25.0,-,7.8,97.5,     ,11.0,1010.1,79.88544819641784,50.36332992949533,62.30616368980723,68.0,66.0,4.375,S,12.0,130.0
2021,10,12.0,28.6,35.0,30.6,30.7,30.3,36.0,25.4,-,8.0,100.0,     ,12.0,1009.7,61.691456071130524,40.31643057859937,65.71089659970016,57.0,63.0,5.5,TG,12.0,140.0
2021,10,13.0,26.8,34.1,31.2,29.7,30.0,35.8,25.4,-,8.0,100.0,     ,13.0,1008.7,79.84106169796598,46.71318797756871,60.058413323373536,67.0,64.0,4.166666666666667,TG,11.0,80.0
2021,10,14.0,26.9,34.6,31.4,30.0,30.2,35.1,25.7,-,7.4,92.5,     ,14.0,1010.4,74.07088206254878,46.69064902151492,59.62302862646111,64.0,66.0,4.958333333333333,TG,12.0,140.0
2021,10,15.0,28.1,34.9,31.0,30.5,30.4,35.0,26.2,-,8.0,100.0,     ,15.0,1009.2,76.84138854860981,50.99782897403371,71.00714699271731,69.0,71.0,5.666666666666667,TG,12.0,120.0
2021,10,16.0,28.6,34.0,31.8,30.8,30.7,35.4,27.0,-,7.2,90.0,     ,16.0,1010.3,77.78325870166977,49.68560179751431,61.69933333110564,67.0,68.0,4.875,TG,12.0,120.0
2021,10,17.0,27.6,34.9,30.6,30.2,30.7,35.2,27.1,-,7.5,93.75,     ,17.0,1009.9,80.18960841692854,52.02252019062289,71.42245261383157,71.0,71.0,4.791666666666667,TG,9.0,140.0
2021,10,18.0,28.9,26.5,28.2,28.1,28.5,35.3,25.6,-,2.0,25.0,     ,18.0,1010.7,78.61867236526368,93.5486918993112,85.52373569886271,84.0,82.0,4.166666666666667,TG,13.0,140.0
2021,10,19.0,28.6,32.6,28.2,29.5,29.3,34.6,26.6,15.8,5.0,62.5,  RA  ,19.0,1014.1,79.1889797069995,61.11495162923162,77.59548508932355,74.0,75.0,3.4166666666666665,U,9.0,50.0
2021,10,20.0,27.8,35.3,30.4,30.3,30.3,35.5,27.0,-,7.0,87.5,     ,20.0,1013.5,83.18752610992924,51.84738572335591,77.23731472989643,74.0,74.0,4.625,B,13.0,140.0
2021,10,21.0,28.7,35.7,31.7,31.2,30.9,36.0,27.0,-,7.0,87.5,     ,21.0,1012.8,79.23233618669144,45.28948423714037,79.773755280204,71.0,70.0,2.8333333333333335,U,10.0,50.0
2021,10,22.0,28.3,35.2,31.2,30.8,30.9,37.5,27.0,-,7.8,97.5,     ,22.0,1012.3,78.3488755124702,44.328112195353455,69.22486136493468,68.0,70.0,4.916666666666667,TL,10.0,150.0
2021,10,23.0,27.6,36.0,31.2,30.6,31.1,37.2,27.4,-,8.0,100.0,     ,23.0,1013.2,84.59440032172179,38.61125890392525,68.59788022240552,69.0,68.0,4.625,U,11.0,60.0
2021,10,24.0,29.1,35.4,30.6,31.1,30.8,35.4,27.2,-,8.0,100.0,     ,24.0,1012.2,76.63174922929971,51.930906880687,73.36881402481814,70.0,72.0,4.25,U,11.0,360.0
2021,10,25.0,28.6,35.2,31.0,30.9,30.7,35.5,26.6,-,7.8,97.5,     ,25.0,1010.9,79.1889797069995,51.25485235823053,69.73648804147354,70.0,68.0,4.0,U,10.0,50.0
2021,10,26.0,27.6,35.2,30.0,30.1,30.0,36.9,27.1,-,5.8,72.5,TS    ,26.0,1010.8,77.30631336644643,45.78248722952147,74.37439491091294,69.0,72.0,3.0416666666666665,TL,14.0,150.0
2021,10,27.0,27.6,31.0,29.0,28.8,29.0,32.6,26.4,-,0.0,0.0,     ,27.0,1011.0,81.6471325928847,64.7465863283378,77.9671551350185,77.0,78.0,5.166666666666667,TG,10.0,130.0
2021,10,28.0,28.2,31.6,29.8,29.5,29.7,35.5,26.6,TTU,5.1,63.74999999999999,  RA  ,28.0,1011.3,81.88023772703265,65.15526697380032,74.27096201770802,76.0,75.0,3.0833333333333335,TG,13.0,100.0
2021,10,29.0,28.8,36.2,30.6,31.1,30.7,36.6,27.0,-,7.1,88.75,     ,29.0,1012.8,79.27546788372959,49.12624138134965,71.42245261383157,70.0,70.0,2.5,U,12.0,0.0
2021,10,30.0,28.2,35.0,30.0,30.4,30.1,35.4,26.8,-,7.0,87.5,     ,30.0,1012.4,83.32959508253533,51.08392030569707,73.04873549906269,73.0,73.0,3.5416666666666665,T,10.0,100.0
2021,10,31.0,29.0,28.7,29.3,29.0,28.5,32.5,26.0,TTU,2.0,25.0,  RA  ,31.0,1011.6,78.66282587882573,76.43711411334586,77.413813665276,78.0,80.0,3.9166666666666665,U,9.0,120.0
2021,11,1.0,27,28.9,29.6,28.1,28.8,33.7,26,TTU,3.1,38.75,  RA  ,1.0,1012.3,85.90249604768772,77.2269640153075,79.61261403540507,82,79,3.5,U,10,350
2021,11,2.0,27.1,34.2,29.6,29.5,29.3,35.1,26,1.5,5.6,70,  RA  ,2.0,1011,83.67788437314563,54.58191106790065,76.18995834656339,75,76,3.4583333333333335,TG,9,350
2021,11,3.0,27.6,34.5,29.9,29.9,30,36.4,26.9,-,7.3,91.25,     ,3.0,1010.7,81.6471325928847,55.35517600506409,77.68696928420337,74,75,2.8333333333333335,T,9,040
2021,11,4.0,28,34.8,26.8,29.4,28.6,35.4,25.2,-,4.3,53.75,TS    ,4.0,1009.8,81.80335062722672,56.65275121016722,90.45670689176886,78,79,3.4166666666666665,TL,14,030
2021,11,5.0,27,31.6,27.2,28.2,28,31.8,26,2.2,3,37.5,  RA  ,5.0,1009.9,85.14630520572123,68.83959436150704,86.71938446937911,81,83,3.8333333333333335,TG,12,150
2021,11,6.0,27.8,30.1,30.4,29,30,33.4,27.4,TTU,7.4,92.5,  RA  ,6.0,1008.3,81.72565273312577,77.10111681311884,70.6623370407291,78,75,3.1666666666666665,U,10,360
2021,11,7.0,28.5,32,29.3,29.6,29.5,34.8,26.4,TTU,5,62.5,TS RA  ,7.0,1007.5,82.71281800122718,60.67126852729763,76.72756344737293,76,76,3.0833333333333335,TG,14,360
2021,11,8.0,29.2,33,29.4,30.2,29.6,33.6,26.6,0.6,1.2,15,TS RA  ,8.0,1009.6,78.05768284876574,64.88463066854185,76.77510078007835,74,78,4.083333333333333,U,10,360
2021,11,9.0,27.4,34,28.1,29.2,28.9,35.5,26,1.2,4.1,51.24999999999999,TS RA  ,9.0,1009.2,91.34930056306354,56.57253152833923,80.40006349608994,80,81,3.0833333333333335,B,8,070
2021,11,10.0,26.8,34.8,26.6,28.8,28.2,35,26,1,6.3,78.75,TS RA  ,10.0,1009.6,89.68028854656967,56.12106770459098,91.19740079519309,82,84,4.458333333333333,BL,10,350
2021,11,11.0,27,33.4,26.3,28.4,27.9,35.4,25.7,7,5,62.5,  RA  ,11.0,1009,87.42320827831851,58.30737398041321,91.9296224982397,81,83,3.2916666666666665,BL,14,180
2021,11,12.0,26.5,30.2,29.4,28.2,28.6,30.5,25.8,20.4,2.4,30,  RA  ,12.0,1010.1,88.05724609978007,71.1943058155141,75.41299607333552,81,79,3.3333333333333335,U,8,330
2021,11,13.0,27.8,30,28.2,28.5,28,33,25.2,TTU,0.1,1.25,TS RA  ,13.0,1009.9,83.18752610992924,75.04090122959575,83.32959508253533,81,84,4.416666666666667,U,10,230
2021,11,14.0,26,31.2,25.4,27.2,26.9,31.4,25.2,9.1,0.8,10,TS RA  ,14.0,1010.5,93.47656840107817,70.48579939879819,95.02249789790692,88,89,2.6666666666666665,S,16,180
2021,11,15.0,26.2,26.3,25.4,26,26,30.9,25,19,0.1,1.25,TS RA  ,15.0,1009.7,92.70718399316861,91.13875649334798,95.02249789790692,93,94,2.875,S,18,020
2021,11,16.0,26.2,26.4,26.4,26.3,26.4,30.6,24.5,22.3,1.7,21.25,TS RA  ,16.0,1009.5,91.91163812288512,85.71477167459545,94.33225341453438,91,91,3.0833333333333335,TG,14,040
2021,11,17.0,26,30,28.7,27.7,28.3,31.4,25.6,5.1,2.9,36.25,  RA  ,17.0,1009.1,90.28585167216603,68.48503240047454,77.82959207446787,82,80,3.9166666666666665,TG,10,120
2021,11,18.0,26.9,33.4,30.5,29.4,29.6,34.6,25.9,-,7.9,98.75,     ,18.0,1009,85.87162429908238,56.096081358812775,65.01837392588818,73,73,3.5833333333333335,TG,13,120
2021,11,19.0,26.6,33,28.5,28.7,28.4,33.6,25,-,6.6,82.5,     ,19.0,1007.6,81.24178440415984,53.57479529624079,77.73668302185092,73,79,2.8333333333333335,TL,9,020
2021,11,20.0,26,26,26.4,26.1,25.9,29,25,1.3,0,0,  RA  ,20.0,1007.8,90.28585167216603,93.47656840107817,90.3721917544973,91,92,4.041666666666667,U,14,160
2021,11,21.0,26.3,31.7,28.4,28.2,28.5,32.6,25.8,6.5,2.3,28.749999999999996,  RA  ,21.0,1010,94.31968328769726,69.52009480941327,81.95632530464322,85,83,3.375,TG,8,310
2021,11,22.0,28.2,34.1,30,30.1,30,36,27.2,-,7.2,90,     ,22.0,1009.2,85.52373569886271,58.83302691349341,79.0920832572861,77,78,3.75,U,12,350
2021,11,23.0,27.7,32.7,26,28.5,28.2,34.4,25,TTU,5.1,63.74999999999999,TS RA  ,23.0,1008.8,91.40463545749267,62.92847751674029,91.8753792283236,84,82,4.333333333333333,BL,13,160
2021,11,24.0,26.8,32.2,27.6,28.4,28.3,34.4,25.6,5.9,5.6,70,  RA  ,24.0,1009.2,87.36803915131289,60.820648257169466,81.6471325928847,79,80,2.7916666666666665,TL,11,120
2021,11,25.0,26.7,28.9,27.5,27.5,28.1,33.7,25.5,-,2.4,30,     ,25.0,1009,87.34023376449602,77.92153862588795,83.07899862850904,84,82,2.4166666666666665,T,8,270
2021,11,26.0,26.6,32.1,28.4,28.4,28.7,33,26.2,-,4.3,53.75,    Lightning,26.0,1008.9,88.08362644659897,63.09883071657181,80.52370980548106,80,79,3.2083333333333335,BL,10,170
2021,11,27.0,27.4,29.5,28,28.1,27.9,33.4,25.8,-,2.2,27.500000000000004,     ,27.0,1008.6,87.5318087351986,74.11380715619863,83.25893254604202,83,82,3.0416666666666665,U,10,360
2021,11,28.0,26.8,28,25.4,26.8,26.1,31.5,23,0.2,0.4,5,  RA  ,28.0,1009.1,85.8405878583193,83.25893254604202,91.76423123386563,87,87,4.166666666666667,S,14,130
2021,11,29.0,25.2,31.5,28.2,27.5,27.7,31.7,25,21.7,4,50,  RA  ,29.0,1009.6,88.50029943447878,60.88307835066142,82.60358383674154,80,80,3.875,TL,10,180
2021,11,30.0,25.8,32,29.6,28.3,28.2,33,25.1,22.5,2.7,33.75,TS RA Lightning,30.0,1010,95.06742017001787,62.435986141214705,74.16646198878509,82,83,4.708333333333333,S,12,080
2021,12,1.0,26.0,33.2,27.4,28.2,28.0,33.2,25.1,16,4.6,57.49999999999999,TS RA  ,1.0,1010.5,93.47656840107817,62.69300036634369,84.52793457568407,84.0,83.0,3.75,U,11.0,340.0
2021,12,2.0,26.5,31.4,30.0,28.6,28.3,32.8,25.3,1.4,5.7,71.25,TS RA  ,2.0,1009.7,89.6118904223609,65.02041711225979,78.41062495873145,81.0,84.0,3.5833333333333335,BL,6.0,50.0
2021,12,3.0,27.0,29.6,28.7,28.1,28.3,31.9,26.5,77.2,0.0,0.0,  RA  ,3.0,1011.5,92.0528680911697,78.2359623324487,85.67414462548386,87.0,85.0,3.5416666666666665,BL,12.0,310.0
2021,12,4.0,27.0,32.5,28.2,28.7,27.9,32.7,25.8,2.3,1.7,21.25,  RA  ,4.0,1010.4,85.90249604768772,61.041926493813925,83.32959508253533,79.0,82.0,4.333333333333333,BL,11.0,300.0
2021,12,5.0,26.5,30.7,29.0,28.2,28.3,31.4,26.4,3.6,0.9,11.25,  RA  ,5.0,1010.2,82.70451036372832,68.28878776681819,79.36106316073894,78.0,79.0,6.083333333333333,BL,12.0,300.0
2021,12,6.0,26.9,32.1,25.8,27.9,27.7,33.2,25.8,1.3,0.3,3.75,TS RA  ,6.0,1009.2,82.8567058791869,59.004240957825886,94.25581573196877,80.0,82.0,5.0,BL,15.0,290.0
2021,12,7.0,26.7,33.8,30.0,29.3,29.1,34.0,25.6,6.2,3.2,40.0,  RA  ,7.0,1009.9,85.80938555747959,60.837423012060285,74.37439491091294,77.0,78.0,4.291666666666667,BL,11.0,330.0
2021,12,8.0,27.2,33.4,30.2,29.5,28.3,33.8,24.8,0.2,3.3,41.25,TS RA Lightning,8.0,1010.3,86.71938446937911,62.82940745134301,79.85656168484945,79.0,82.0,7.083333333333333,BL,18.0,160.0
2021,12,9.0,26.2,34.7,25.2,28.1,28.4,34.7,25.2,22,4.9,61.25000000000001,TS RA  ,9.0,1011.2,88.75839269262727,57.64760479814498,91.72637247271511,82.0,84.0,4.5,BL,16.0,340.0
2021,12,10.0,27.3,34.5,27.0,29.0,28.6,34.5,25.8,21.4,6.4,80.0,  RA  ,10.0,1010.7,91.33066155325706,60.22079505307464,85.14630520572123,82.0,81.0,4.208333333333333,BL,9.0,10.0
2021,12,11.0,27.8,34.6,26.4,29.2,28.5,35.7,25.6,-,6.1,76.25,    Lightning,11.0,1010.6,84.66016992712476,60.29102241264269,92.73951074748804,81.0,82.0,4.458333333333333,BL,14.0,240.0
2021,12,12.0,27.1,34.6,24.8,28.4,28.6,35.2,24.1,32.3,6.7,83.75,TS RA  ,12.0,1010.1,88.21344227467063,50.224680558732835,93.29534249409444,80.0,80.0,3.9166666666666665,BL,17.0,130.0
2021,12,13.0,27.3,33.3,30.4,29.6,29.2,34.7,25.6,45.5,6.3,78.75,TS RA Lightning,13.0,1008.9,89.02674996707928,61.04664375876321,77.90829513323318,79.0,79.0,4.166666666666667,BL,14.0,160.0
2021,12,14.0,26.6,34.0,27.8,28.8,28.9,34.0,26.2,32.5,5.9,73.75,TS RA  ,14.0,1008.4,88.85779948974681,61.53821697813508,89.14366789729345,82.0,82.0,4.041666666666667,S,19.0,170.0
2021,12,15.0,26.8,33.2,26.9,28.4,27.7,33.5,25.4,11.6,2.5,31.25,  RA  ,15.0,1008.7,95.17560711876958,48.41715286199472,86.63226607480658,81.0,84.0,3.125,BD,10.0,360.0
2021,12,16.0,27.1,29.2,28.5,28.0,28.2,32.6,25.8,5.8,3.7,46.25,  RA  ,16.0,1009.3,87.45057408714351,76.67978016846965,81.27796941236255,83.0,83.0,1.7083333333333333,U,9.0,50.0
2021,12,17.0,26.4,32.5,29.8,28.8,29.3,33.2,26.4,TTU,4.8,60.0,  RA  ,17.0,1009.0,91.1584089418139,63.96539311852846,78.3237395212866,81.0,80.0,3.0,U,9.0,50.0
2021,12,18.0,27.6,33.9,30.2,29.8,29.8,33.9,26.8,-,5.8,72.5,     ,18.0,1009.3,88.33987014888277,62.03212262755794,75.14057018430071,78.0,79.0,3.0416666666666665,U,9.0,10.0
2021,12,19.0,27.6,33.2,28.8,29.3,29.0,35.3,25.0,-,4.5,56.25,TS    ,19.0,1009.8,87.58525622462767,63.848985504591894,79.9792315683067,80.0,82.0,3.6666666666666665,T,16.0,160.0
2021,12,20.0,26.4,33.0,29.2,28.8,28.7,34.0,26.4,7.6,4.4,55.00000000000001,  RA  ,20.0,1012.0,93.53442062998897,63.71561446154341,82.25289971423872,83.0,83.0,3.0,S,17.0,160.0
2021,12,21.0,27.6,25.6,25.0,26.5,25.7,31.0,24.4,0.9,0.3,3.75,TS RA  ,21.0,1012.4,91.38628683670291,93.41746228939556,93.32637261393613,92.0,90.0,3.2916666666666665,TG,12.0,330.0
2021,12,22.0,25.0,33.8,30.2,28.5,29.5,34.0,25.0,18.4,7.3,91.25,  RA  ,22.0,1011.9,88.44697559975077,53.18351953493441,70.54503961313797,75.0,75.0,3.8333333333333335,BL,11.0,340.0
2021,12,23.0,28.1,34.2,30.4,30.2,29.5,34.2,25.6,-,7.7,96.25,     ,23.0,1010.5,81.84189481773382,54.58191106790065,73.26320590951248,73.0,74.0,4.291666666666667,U,13.0,340.0
2021,12,24.0,26.6,32.8,30.6,29.2,29.7,34.6,26.6,-,6.7,83.75,    Lightning,24.0,1009.8,85.778016219296,62.41612122371,69.49752956443366,76.0,75.0,3.5,U,13.0,340.0
2021,12,25.0,27.5,33.2,30.2,29.6,29.0,33.6,25.0,TTU,2.2,27.500000000000004,TS RA  ,25.0,1010.4,94.4662253507218,63.848985504591894,78.49663086623954,83.0,82.0,4.333333333333333,BL,14.0,310.0
2021,12,26.0,27.5,34.0,26.8,29.0,28.4,35.0,26.0,30.5,6.9,86.25,TS RA  ,26.0,1011.0,86.05442464121225,59.310746248812876,90.45670689176886,80.0,80.0,5.208333333333333,BL,13.0,280.0
2021,12,27.0,27.9,34.7,25.9,29.1,27.2,35.7,24.6,17.3,4.8,60.0,TS RA  ,27.0,1011.5,80.31654583977061,56.576342055224984,91.05908580220675,77.0,84.0,6.083333333333333,B,21.0,140.0
2021,12,28.0,26.4,33.6,27.4,28.5,27.7,35.8,25.1,35.9,6.9,86.25,  RA Lightning,28.0,1011.6,88.80836197722951,62.96448376775169,77.92790980700342,80.0,82.0,4.291666666666667,B,17.0,160.0
2021,12,29.0,26.3,32.7,30.4,28.9,29.0,34.0,26.0,9.8,5.1,63.74999999999999,  RA Lightning,29.0,1010.9,91.9296224982397,59.465948515600964,74.57811767655987,79.0,80.0,5.0,BL,12.0,330.0
2021,12,30.0,27.0,32.2,25.4,27.9,27.8,33.4,24.0,-,2.9,36.25,TS    ,30.0,1010.8,85.90249604768772,64.95270684844482,90.15280438641373,82.0,84.0,4.75,BL,13.0,320.0
2021,12,31.0,26.3,33.0,25.2,27.7,27.5,33.8,24.6,85,4.5,56.25,TS RA  ,31.0,1010.7,92.72339050173582,63.1343532920419,94.9996701525737,86.0,86.0,3.4583333333333335,TG,10.0,330.0