temp7,temp13,temp18,temp_avg,temp_24,temp_max,temp_min,light_hour,light_per,tgl.1,press,humid7,humid13,humid18,humid_avg,humid_24
25.4,29.6,27.5,27.0,27.1,30.0,24.9,0.0,0.0,19.0,1009.9,90.15280438641372,70.84319737423779,72.3004745428737,81.0,80.0
26.4,33.5,29.4,28.9,28.7,33.8,24.4,7.2,90.0,5.0,1013.0,87.25592172444505,56.17647248673631,75.41299607333552,77.0,75.0
27.0,33.3,28.4,28.9,28.6,34.2,25.0,1.6,20.0,18.0,1010.6,77.73426207886264,47.99152700333489,73.51620176559189,69.0,76.0
27.4,33.6,28.6,29.3,29.0,34.2,25.9,6.2,77.5,26.0,1011.8,90.58016869644074,61.82563799669092,80.605071488962,81.0,79.0
26.8,34.2,29.8,29.4,29.7,34.5,26.6,7.6,95.0,10.0,1009.9,81.32459406590085,51.94324744140984,70.96144059935796,71.0,73.0
26.3,35.5,30.0,29.5,30.2,36.0,26.1,7.7,96.25,26.0,1011.4,81.11588796115174,48.01914120646993,71.7328099909835,70.0,69.0
26.6,35.1,26.0,28.6,27.9,35.2,24.8,6.1,76.25,23.0,1011.2,88.08362644659897,52.7038716069236,88.70788403829688,79.0,82.0
28.9,28.8,30.4,29.3,29.9,36.0,27.0,4.9,61.25000000000001,6.0,1011.3,78.61867236526368,68.35931322254112,78.58176927597704,76.0,76.0
26.1,28.9,29.2,27.6,28.1,31.0,25.5,2.5,31.25,14.0,1013.1,92.69089060839856,75.84544786942958,76.67978016846965,84.0,83.0
27.0,30.5,29.8,28.6,29.3,34.2,26.2,4.0,50.0,3.0,1010.3,84.39287507978128,76.61510021929023,75.6119273332423,80.0,76.0
25.2,33.6,30.4,28.6,29.2,33.6,25.1,7.8,97.5,21,1012.4,80.63632775645905,50.8892728098128,63.08544839275151,69.0,68.0
25.7,33.7,29.8,28.7,28.7,36.0,24.4,7.9,98.75,25.0,1011.5,80.85787971678428,45.81521404427532,66.42898956944073,68.0,67.0
26.1,32.7,29.9,28.7,28.7,33.5,25.5,6.0,75.0,8.0,1011.2,92.69089060839856,61.18761377220371,74.32281093507183,80.0,81.0
28.6,34.2,30.0,30.4,30.3,34.5,27.8,7.7,96.25,21.0,1009.1,79.1889797069995,58.359022663683454,77.05525422069958,73.0,74.0
27.8,33.5,28.2,29.3,29.5,34.1,27.0,6.7,83.75,30.0,1012.6,86.14367824732606,61.1888169564757,82.60358383674154,79.0,79.0
25.6,30.4,27.0,27.2,27.1,31.6,25.2,0.6,7.5,6.0,1010.9,91.80168143581014,71.95797343114366,79.92959762455779,84.0,84.0
27.2,32.3,29.4,29.0,28.2,33.6,24.4,5.4,67.5,23.0,1009.1,84.46076283297424,62.06220839326235,80.9222185119632,78.0,83.0
26.0,33.4,29.5,28.7,29.1,33.7,24.9,7.6,95.0,29.0,1012.0,87.14137533712541,51.770125917571264,71.44477393192955,74.0,74.0
27.9,33.9,29.4,29.8,29.1,35.6,25.6,6.0,75.0,26.0,1009.9,77.45204443952214,55.41091339887332,78.14728097822254,72.0,74.0
27.6,34.3,30.2,29.9,30.1,34.8,27.4,7.8,97.5,4.0,1011.8,89.8574620701041,60.63208402982801,77.14674669916431,79.0,78.0
26.4,32.9,29.4,28.8,28.8,33.4,25.4,1.0,12.5,12.0,1008.9,91.1584089418139,63.06606715258136,75.41299607333552,80.0,80.0
26.9,33.0,30.3,29.3,29.1,34.2,25.6,0.7,8.75,21.0,1008.7,74.07088206254878,54.66861086808057,71.25177978558011,69.0,74.0
26.9,27.3,27.8,27.2,28.1,33.8,26.5,4.6,57.49999999999999,18.0,1010.7,91.25511694264776,85.99413468120541,81.72565273312577,88.0,84.0
27.0,32.5,29.7,29.1,29.3,32.7,26.9,4.7,58.75,23.0,1010.9,86.66145969485348,65.1500115285397,73.55068380826383,78.0,77.0
27.0,34.1,30.0,29.5,29.7,34.8,26.6,6.8,85.0,2.0,1009.3,87.42320827831851,60.491264976535234,79.77607128619746,79.0,78.0
24.6,32.1,27.9,27.3,27.5,32.4,22.5,7.3,91.25,8.0,1014.9,85.11365227039191,49.48701912548783,65.73271056871017,71.0,71.0
28.0,32.1,29.8,29.5,29.7,33.4,25.1,8.0,100.0,23.0,1008.5,78.21076876497683,58.42786265624271,72.93984299242373,72.0,73.0
26.1,31.5,27.2,27.7,27.5,31.7,25.2,2.2,27.500000000000004,2.0,1009.3,90.30761062566066,69.40288984888305,86.71938446937911,84.0,86.0
26.0,29.4,28.2,27.4,27.8,30.6,25.9,1.1,13.750000000000002,29.0,1011.5,90.28585167216605,75.41299607333552,80.44149476925925,84.0,84.0
27.8,34.8,31.0,30.4,30.1,35.0,26.3,8.0,100.0,27.0,1010.5,76.69257023057095,39.163598874117405,66.60058665765746,65.0,66.0
27.2,34.7,31.7,30.2,30.7,36.1,26.4,7.8,97.5,23.0,1010.9,92.08725069158208,58.18623193909479,75.85683730278903,80.0,75.0
28.5,35.3,32.0,31.1,30.7,36.3,26.2,7.7,96.25,4.0,1010.0,73.57195967851267,52.35695856303521,65.42092889006355,66.0,72.0
26.6,32.5,28.6,28.6,28.9,33.2,25.8,4.9,61.25000000000001,20.0,1011.3,88.85779948974681,62.78951597391542,77.78325870166977,80.0,79.0
23.4,32.8,28.4,27.0,27.8,34.0,23.4,7.5,93.75,8.0,1013.2,81.40521184843048,45.93518583743619,64.12514674266251,68.0,66.0
27.3,32.6,28.6,29.0,29.1,34.2,26.0,8.0,100.0,21.0,1012.9,78.6041571650091,58.25051907104071,75.00257048572264,73.0,70.0
26.8,29.5,28.6,27.9,28.1,32.6,25.8,0.6,7.5,16.0,1010.8,91.23598014520164,77.50580158753323,83.46872963731322,86.0,85.0
26.4,27.4,28.4,27.2,27.5,30.4,25.8,1.8,22.5,15.0,1010.5,87.25592172444505,86.02435915620528,77.68986333665214,85.0,83.0
27.7,33.3,29.4,29.5,30.3,33.8,27.5,4.1,51.24999999999999,4.0,1011.0,84.62737153208909,61.61610018455558,79.5296241834943,78.0,77.0
26.2,33.4,29.2,28.8,29.2,34.5,25.2,7.3,91.25,13.0,1011.5,84.11395800824295,49.6543586479227,72.60634996395858,73.0,73.0
28.2,30.6,29.0,29.0,28.9,32.4,25.8,1.3,16.25,31.0,1013.1,87.74228204283912,68.22602122405351,84.32152757735344,82.0,84.0
26.9,34.0,30.8,29.7,29.6,35.9,25.4,7.9,98.75,27.0,1010.2,78.41595394066255,48.14256672759157,57.95443140005343,66.0,68.0
28.0,33.4,26.8,29.1,27.8,34.6,23.6,4.9,61.25000000000001,9.0,1010.2,86.20240588236928,61.6862891896572,90.45670689176886,81.0,83.0
28.5,35.0,31.0,30.8,30.4,35.2,25.8,8.0,100.0,16.0,1009.3,72.88667933792142,45.59144111422908,64.7465863283378,64.0,66.0
27.0,32.8,29.2,29,28.0,32.8,25.2,3.5,43.75,26.0,1009.9,90.49829607025424,65.93660591896318,80.84415378724536,82.0,85.0
27.2,32.7,30.4,29.4,29.3,32.9,26.5,1.3,16.25,9.0,1011.4,85.96375009384045,58.896283681605645,70.0180915333506,75.0,73.0
26.7,34.1,29.6,29.3,29.4,35.0,26.0,7.5,93.75,10.0,1012.3,79.79643644399138,56.65058245430971,75.51297311970721,73.0,74.0
25.6,33.6,29.4,28.6,28.4,34.4,23.4,7.8,97.5,5.0,1011.6,85.4548699350217,48.2787298585728,63.59330427415417,71.0,67.0
27.8,35.3,30.5,30.4,30.5,35.6,26.8,7.0,87.5,6.0,1011.9,82.45524897010897,55.454452136126456,68.79880788811707,72.0,73.0
25.9,33.5,30.0,28.8,29.0,34.8,25.0,8.0,100.0,7.0,1009.9,76.43481459752137,50.79904456298672,67.8426000449919,68.0,67.0
26.9,33.4,29.0,29.1,29.0,33.6,26.2,6.2,77.5,11,1009.1,88.93097500973069,61.11790506145757,82.17990099313865,80.0,80.0
26.2,34.5,30.5,29.4,29.3,34.8,24.5,8.0,100.0,8.0,1010.6,75.1229049149635,41.2117196688747,67.52939348140707,65.0,67.0
26.4,34.2,29.1,29.0,29.0,34.6,24.4,7.6,95.0,20.0,1011.0,81.15807983141401,51.42133216386652,72.54975296285609,72.0,71.0
27.3,33.3,30.4,29.6,29.2,34.7,25.6,6.3,78.75,13.0,1008.9,89.02674996707928,61.04664375876321,77.90829513323318,79.0,79.0
26.2,33.2,30.2,29,29.2,33.7,24.8,8.0,100.0,28.0,1010.3,79.56966890734832,52.66522130342414,66.69916687023925,70.0,68.0
26.2,34.0,30.4,29.2,29.7,35.4,25.4,7.7,96.25,2.0,1011.6,78.07670594017172,52.29542773842082,65.57410812806509,69.0,66.0
27.3,31.3,29.8,28.9,29.3,33.7,26.5,2.5,31.25,16.0,1011.1,92.10430680990672,72.4481707917155,76.96282446391139,83.0,80.0
26.0,33.4,28.2,28.4,28.2,33.6,25.0,7.1,88.75,6.0,1011.1,87.47779542494723,83.93373561349404,93.56288753328454,88.0,88.0
22.3,32.3,28.6,26.4,27.4,32.6,21.7,7.8,97.5,14.0,1014.0,83.4069280016863,46.472321167193385,56.63074399713764,67.0,65.0
24.5,33.7,28.5,27.8,28.6,34.5,23.8,7.5,93.75,23.0,1011.7,81.89196189704953,51.505922569171005,71.52359698659109,72.0,70.0
27.1,34.0,30.6,29.7,29.3,34.3,26.4,6.3,78.75,22.0,1008.9,79.97351165421398,55.49137135821913,74.67843617830178,73.0,75.0
23.8,33.2,28.4,27.3,27.3,33.4,21.9,7.7,96.25,13.0,1014.6,81.58570035464463,43.78397137906428,64.12514674266251,68.0,65.0
26.0,33.5,28.7,28.6,28.9,34.5,26.0,7.8,97.5,18,1010.4,82.50960343341829,57.27594635156619,75.74469711480636,75.0,76.0
28.8,35.8,32.0,31.4,31.6,36.4,27.4,8.0,100.0,29.0,1009.8,74.42088280638572,51.25655178246188,64.81952142882747,66.0,68.0
26.9,32.5,29.2,28.9,29.0,33.4,25.6,5.8,72.5,23.0,1010.1,82.10982816801659,64.55660496617458,75.31198191091583,76.0,78.0
27.8,36.6,32.6,31.2,30.9,37.2,25.8,8.0,100.0,15.0,1011.0,77.4037242952487,39.23662251270893,52.13113885069303,62.0,61.0
27.6,33.8,31.5,30.1,30.7,34.4,27.4,7.7,96.25,23.0,1010.2,89.23502869611663,60.29102241264269,67.223150346921,76.0,75.0
26.4,34.0,30.9,29.4,30.3,35.0,26.2,8.0,100.0,26.0,1010.0,91.1584089418139,55.49137135821913,74.17492272393234,78.0,75.0
25.4,33.0,28.8,28.2,28.5,33.8,23.6,8.0,100.0,26.0,1013.6,81.4957643905576,46.13822878804788,69.02303570610684,70.0,66.0
26.9,29.1,26.0,27.2,26.9,31.2,24.8,1.9,23.75,08,1007.1,84.35865952611987,80.10288209331219,95.08952159285738,86.0,88.0
27.5,35.8,30.6,30.4,30.3,36.2,25.4,8.0,100.0,22.0,1010.0,76.54136946386251,41.1466964212568,60.789978564915714,64.0,66.0
28.2,34.8,30.5,30.4,29.9,35.9,25.9,8.0,100.0,25.0,1012.4,84.7896593674728,47.87667747275527,74.62840402999113,73.0,75.0
26.4,34.0,27.8,28.7,29.1,34.5,26.1,8.0,100.0,31.0,1011.6,86.48394160482556,52.29542773842082,81.72565273312577,77.0,78.0
27.0,33.4,30.0,29.4,29.7,35.0,26.6,7.3,91.25,13.0,1008.3,84.39287507978128,56.096081358812775,71.7328099909835,74.0,73.0
26.4,34.4,31.2,29.6,29.9,34.6,25.3,8.0,100.0,1.0,1011.5,81.15807983141401,48.00857687791263,60.65392104351528,68.0,68.0
27.6,32.8,30.0,29.5,29.4,33.1,26.9,5.7,71.25,15.0,1012.4,89.8574620701041,67.12763861574025,80.46259992450302,82.0,80.0
26.8,31.8,25.2,27.7,26.7,33.2,24.4,3.2,40.0,24.0,1010.2,89.68028854656967,65.2887647785575,91.72637247271513,84.0,85.0
27.0,34.8,26.0,28.7,28.2,35.8,25.2,6.3,78.75,9.0,1012.0,76.28393511674945,56.12106770459098,90.28585167216605,75.0,82.0
27.3,35.3,29.9,30,29.8,35.7,26.5,5.2,65.0,3.0,1012.4,79.33107173718355,51.84738572335591,71.02010642452916,70.0,71.0
28.8,35.8,32.0,31.4,31.2,36.8,27.3,7.0,87.5,28.0,1010.5,75.7952037394281,42.07619571894416,64.22033295170299,64.0,66.0
23.8,33.6,29.1,27.6,28.6,34.2,23.8,7.6,95.0,22.0,1010.4,84.82676659858161,55.16714821637591,74.57951468539623,75.0,73.0
26.9,34.5,30.7,29.8,30.3,34.8,26.2,7.5,93.75,3.0,1012.0,88.93097500973069,54.82452060557409,73.42121780375143,77.0,74.0
26.5,33.0,28.2,28.6,27.6,33.2,25.0,4.9,61.25000000000001,10.0,1008.5,89.6118904223609,62.555244415838985,86.26052375101906,82.0,83.0
26.6,34.0,30.0,29.3,29.6,34.2,25.0,7.6,95.0,7.0,1011.8,85.778016219296,55.49137135821913,70.4265344152407,74.0,73.0
26.8,33.8,30.0,29.4,28.4,34.4,25.0,5.9,73.75,18.0,1008.5,88.90671270734428,55.33005868405987,77.05525422069958,78.0,78.0
26.6,34.0,27.8,28.8,28.9,34.0,26.2,5.9,73.75,14.0,1008.4,88.85779948974681,61.53821697813508,89.14366789729345,82.0,82.0
26.2,33.5,29.8,28.9,29.6,35.7,25.6,7.8,97.5,6.0,1012.3,80.32020776069108,53.46302249795589,72.2779492718415,72.0,71.0
27.1,29.2,28.5,28.0,28.2,32.6,25.8,3.7,46.25,16.0,1009.3,87.45057408714351,76.67978016846965,81.27796941236255,83.0,83.0
26.7,31.6,27.3,28.1,27.3,32.0,24.1,3.1,38.75,17.0,1008.2,86.57341089690401,70.08599291687322,91.33066155325706,84.0,87.0
26.0,34.0,29.9,29.0,29.7,35.6,25.9,7.8,97.5,20.0,1012.1,83.27457998973739,53.35288760163029,65.86032345448317,71.0,70.0
27.2,34.4,30.4,29.8,29.4,34.8,25.9,5.6,70.0,18.0,1012.5,85.96375009384045,52.63707320781731,71.95797343114366,74.0,73.0
27.9,34.7,31.3,30.5,30.3,35.9,26.7,7.9,98.75,22.0,1012.8,89.16668669705994,56.04368944551391,69.28450304002415,76.0,75.0
26.4,35.0,27.6,28.9,28.8,35.7,25.2,7.5,93.75,15.0,1008.6,86.48394160482556,54.175252372201854,85.33799824315096,78.0,79.0
28.0,35.6,30.8,30.6,30.5,36.4,26.6,8.0,100.0,30.0,1011.4,73.29020837273947,39.09670970250343,65.8462913116989,63.0,65.0
26.6,33.0,28.5,28.7,28.4,33.6,25.0,6.6,82.5,19.0,1007.6,81.24178440415984,53.57479529624079,77.73668302185092,73.0,79.0
26.6,31.9,29.0,28.5,28.2,33.0,24.6,2.8,35.0,3.0,1011.9,78.27212921417376,61.77264009201249,71.14918418862082,72.0,75.0
23.8,34.0,30.0,27.9,29.0,34.2,23.3,7.8,97.5,7.0,1010.6,79.98236602579162,41.16132163893557,59.09072814876585,65.0,66.0
27.6,31.0,29.6,29.0,29.1,32.0,26.8,2.4,30.0,23.0,1011.3,90.62046427084232,71.00714699271731,79.61261403540507,83.0,80.0
28.4,33.0,29.8,29.9,29.5,33.8,27.2,4.3,53.75,20.0,1009.9,82.67659603243955,56.32448683839085,78.3237395212866,75.0,77.0
25.5,33.3,29.3,28.4,28.3,33.9,25.2,6.6,82.5,19.0,1010.0,94.2166641327712,59.914043977974416,76.72756344737293,81.0,81.0
25.2,33.6,29.2,28.3,28.9,34.0,24.0,8.0,100.0,25.0,1012.9,80.63632775645905,40.72685516349566,64.72300112663578,67.0,67.0
27.2,34.2,30.2,29.7,29.8,34.8,26.0,7.8,97.5,21.0,1012.3,82.96873755837069,51.42133216386652,71.84596735571945,72.0,74.0
28.7,33.4,29.0,30,28.9,33.6,26.0,4.4,55.00000000000001,1.0,1010.4,79.23233618669144,49.6543586479227,73.84640906530336,70.0,74.0
25.9,34.0,30.1,29,29.5,34.4,25.7,8.0,100.0,16.0,1012.7,89.47175935574822,59.86451267378844,75.0908627897592,78.0,76.0
25.6,32.5,29.0,28.2,28.2,33.4,24.4,7.8,97.5,7.0,1012.6,82.34983109554197,52.58779184024954,62.01272309925064,70.0,68.0
28.3,35.0,31.0,30.7,30.6,35.2,27.5,5.3,66.25,28.0,1010.8,86.2893566723134,53.13716118293299,72.28724043114948,75.0,75.0
27.5,36.0,30.4,30.4,30.1,36.1,25.6,8.0,100.0,20.0,1012.0,80.14684676262321,39.06341920163122,63.08544839275151,66.0,65.0
26.4,32.5,29.8,28.8,29.3,33.2,26.4,4.8,60.0,17.0,1009.0,91.1584089418139,63.96539311852846,78.3237395212866,81.0,80.0
27.0,33.5,30.0,29.4,29.2,35.0,24.4,7.6,95.0,14.0,1012.0,78.86938994819847,41.268575989474485,60.313839144483104,65.0,64.0
25.4,32.4,30.2,28.4,29.3,33.7,25.4,6.6,82.5,11,1012.9,88.55304402861806,60.38917171999093,73.15651806356883,78.0,77.0
25.1,32.2,29.5,28.0,28.7,33.7,24.8,7.8,97.5,4.0,1011.2,86.07906721432632,53.98016676039609,66.86709554625747,73.0,73.0
26.4,33.8,28.4,28.8,28.6,35.2,26.4,6.5,81.25,7.0,1009.1,88.80836197722951,61.963629863370365,87.79354391188964,82.0,82.0
28.0,34.9,31.2,30.5,30.3,35.6,25.4,8.0,100.0,5.0,1012.3,76.08655933991277,46.97389363798422,66.7307685461646,66.0,66.0
30.2,36.0,31.4,32,31.3,36.5,27.8,7.1,88.75,30.0,1010.0,75.14057018430071,45.09493843248328,69.97066069376442,66.0,69.0
26.5,34.9,30.6,29.6,30.1,35.5,26.2,7.5,93.75,17.0,1013.3,85.74647865707125,50.99782897403371,72.06884398973284,74.0,72.0
27.1,35.2,30.7,30,30.1,35.7,25.8,8.0,100.0,28.0,1012.4,77.4037242952487,46.38431709173356,66.26927565662353,67.0,65.0
26.3,31.0,29.0,28.2,28.0,31.4,25.0,0.0,0.0,2.0,1011.3,92.72339050173582,69.73648804147354,80.76528192707865,84.0,85.0
28.1,33.2,29.2,29.7,29.3,34.4,26.6,5.3,66.25,25.0,1008.7,82.56679095122321,59.840283338908286,75.31198191091583,75.0,77.0
26.3,32.7,30.4,28.9,29.0,34.0,26.0,5.1,63.74999999999999,29.0,1010.9,91.9296224982397,59.46594851560096,74.57811767655987,79.0,80.0
28.5,33.3,29.5,30.0,29.1,33.5,26.2,4.4,55.00000000000001,21.0,1010.8,83.43421664036919,49.03605271532083,76.14150140344802,73.0,76.0
25.3,33.0,28.2,28.0,27.4,33.8,21.8,7.6,95.0,5.0,1013.4,80.68112559891617,43.06533729987488,57.52023155741119,65.0,62.0
25.6,34.8,29.2,28.8,29.4,34.8,25.2,5.9,73.75,3.0,1013.0,85.4548699350217,52.97208646042074,73.9542007513979,74.0,75.0
26.8,28.0,25.4,26.8,26.1,31.5,23.0,0.4,5.0,28.0,1009.1,85.8405878583193,83.25893254604202,91.76423123386564,87.0,87.0
29.7,31.5,31.0,30.5,30.9,36.4,27.5,5.1,63.74999999999999,12.0,1011.1,70.90247161900417,63.27262874028653,65.98031135011355,68.0,67.0
28.0,35.7,30.0,30.4,29.8,35.8,25.6,6.0,75.0,23.0,1010.8,84.72525309285922,48.68965819213085,73.04873549906269,73.0,75.0
26.4,34.6,30.2,29.4,30.0,35.0,26.0,7.7,96.25,6.0,1011.0,85.71477167459545,51.251253150570776,70.54503961313797,73.0,72.0
23.5,33.5,29.1,27.4,28.2,34.4,22.0,7.7,96.25,29.0,1013.9,81.45071686382879,44.09665256424187,61.45833627819383,67.0,67.0
26.0,34.7,29.4,29.0,29.3,35.8,25.2,7.8,97.5,4.0,1013.8,87.92320360553816,50.82438163932876,71.38626869012107,75.0,74.0
26.1,34.5,30.6,29.3,29.8,34.8,25.2,8.0,100.0,5.0,1010.1,80.45189935615117,49.443814726018005,66.13435982725889,69.0,67.0
25.3,28.1,28.1,26.7,27.8,32.6,25.1,3.9,48.75,20.0,1011.7,90.1302062701517,75.43604101334456,84.75754025065419,85.0,82.0
28.3,35.2,31.2,30.8,30.9,37.5,27.0,7.8,97.5,22.0,1012.3,78.3488755124702,44.328112195353455,69.22486136493468,68.0,70.0
26.5,31.2,27.7,28.0,27.5,31.5,25.1,3.2,40.0,03,1010.1,88.05724609978007,65.4974547784623,81.68649616661939,81.0,83.0
26.5,33.4,30.2,29.2,29.7,33.6,26.1,7.9,98.75,24,1011.5,82.70451036372832,52.83970951068226,73.81542812744163,73.0,71.0
26.6,34.2,29.8,29.3,29.0,34.6,25.2,5.9,73.75,27.0,1010.1,91.98300349779372,58.359022663683454,78.3237395212866,80.0,82.0
24.2,33.2,28.9,27.6,28.1,33.5,23.0,7.6,95.0,31.0,1013.9,81.76217323890577,49.99562347043309,63.85609056762039,69.0,68.0
27.3,34.4,30.5,29.9,29.9,34.8,26.5,6.2,77.5,25.0,1012.2,80.66671499168775,42.81487511058981,65.76366328791275,67.0,66.0
26.8,34.6,30.6,29.7,29.7,35.0,25.6,7.9,98.75,12.0,1012.8,74.35371260660077,44.40463475934692,70.18583317526837,66.0,66.0
27.8,36.5,32.6,31.2,31.2,37.0,26.6,8.0,100.0,8.0,1012.2,78.83384427875454,41.39059791687848,53.225477278875765,63.0,65.0
25.6,33.0,28.2,28.1,28.0,33.2,25.2,5.6,70.0,01,1010.5,90.19763410809564,62.555244415838985,81.88023772703265,81.0,83.0
26.6,33.1,29.7,29,29.1,33.5,25.8,4.7,58.75,5.0,1011.5,86.5437471238459,59.766157255599325,75.5625771965917,77.0,77.0
26.2,33.2,28.2,28.5,28.4,33.6,25.2,7.6,95.0,10.0,1011.9,82.58819822995022,53.746844070894426,77.59548508932355,74.0,75.0
23.7,32.2,30.0,27.4,27.9,34.2,23.2,7.7,96.25,6.0,1010.0,82.34889283195061,50.12641636536785,55.47413272841976,68.0,67.0
26.3,33.2,29.6,28.9,29.3,33.7,26.0,4.5,56.25,23.0,1010.2,85.68289406606362,61.54556501029602,76.86944439631735,77.0,77.0
27.8,33.7,29.8,29.8,29.3,33.8,26.3,5.3,66.25,1.0,1011.2,84.5612550786187,70.08599291687322,80.84415378724536,80.0,81.0
28.6,34.0,31.8,30.8,30.7,35.4,27.0,7.2,90.0,16.0,1010.3,77.78325870166977,49.68560179751431,61.69933333110564,67.0,68.0
26.3,33.0,25.3,27.7,27.2,33.5,24.6,4.8,60.0,18.0,1007.2,86.45379758998696,59.125275848298585,90.1302062701517,81.0,83.0
27.0,33.4,30.5,29.5,30.4,35.0,26.8,7.6,95.0,16.0,1008.1,84.39287507978128,62.82940745134301,72.01354967383674,76.0,73.0
27.9,33.5,30.5,30,30.1,34.4,26.4,8.0,100.0,19.0,1011.8,92.03554033549156,77.82043833334818,78.3237395212866,85.0,84.0
27.9,33.8,30.3,30.0,30.3,34.3,27.2,7.8,97.5,13.0,1011.3,89.92200731208852,56.41527663544903,69.95827839320992,77.0,72.0
25.6,33.7,29.4,28.6,29.3,34.5,25.6,7.6,95.0,15,1011.6,87.02432997894202,55.7914318524779,74.73569484403635,76.0,75.0
25.8,33.3,28.6,28.4,28.6,33.4,25.8,5.1,63.74999999999999,20.0,1011.0,91.83872886818205,61.61610018455558,80.605071488962,81.0,79.0
26.7,32.7,29.7,29,29.3,33.5,25.0,7.7,96.25,22.0,1009.8,85.0481455271949,57.76323485286209,70.24647518936983,75.0,72.0
27.8,35.6,30.8,30.5,30.2,36.0,25.6,8.0,100.0,11.0,1012.8,80.27445638041887,35.48553048088603,65.8462913116989,65.0,65.0
25.3,32.4,28.8,28.0,28.6,32.5,25.3,7.6,95.0,8.0,1010.3,83.78543821519062,55.26975096730439,73.05659247033218,74.0,73.0
29.0,36.8,32.0,31.7,31.7,37.0,28.0,8.0,100.0,1.0,1009.9,75.89543132864442,44.899196810027,65.42092889006355,66.0,68.0
26.8,30.9,28.9,28.4,28.6,32.5,24.2,6.4,80.0,8.0,1009.1,84.32426114176714,72.87794799016507,75.15848427367999,79.0,81.0
23.2,33.4,28.5,27.1,27.4,34.3,22.4,7.9,98.75,16.0,1013.9,79.68598910667104,44.49830630646136,63.54995974633886,67.0,66.0
24.0,33.2,28.9,27.5,28.2,34.1,21.2,7.6,95.0,30.0,1013.5,84.8996924687145,45.3115504889382,68.42538178159741,71.0,67.0
26.8,32.8,29.4,29.0,28.8,34.0,25.3,4.5,56.25,27.0,1008.7,92.80314120005832,67.72648566841954,79.5296241834943,83.0,81.0
25.8,34.0,30.1,28.9,29.5,34.5,25.4,7.2,90.0,18.0,1012.2,83.96993098278614,55.49137135821913,64.73679686609918,72.0,68.0
25.8,32.1,30.2,28.5,28.8,32.9,24.9,3.7,46.25,3.0,1009.7,83.1986483874194,58.42786265624271,69.89815838960351,74.0,74.0
27.6,35.6,31.8,30.7,31.2,36.0,27.4,8.0,100.0,20.0,1009.9,78.74269953141406,54.135432936521134,68.95864418419887,70.0,73.0
26.5,31.4,30.0,28.6,28.3,32.8,25.3,5.7,71.25,2.0,1009.7,89.6118904223609,65.02041711225979,78.41062495873145,81.0,84.0
25.6,33.1,29.6,28.5,29.2,33.7,25.5,6.0,75.0,24.0,1009.2,93.41746228939556,62.048421178372216,78.2359623324487,82.0,79.0
26.8,33.2,26.9,28.4,27.7,33.5,25.4,2.5,31.25,15.0,1008.7,95.17560711876958,48.41715286199472,86.63226607480658,81.0,84.0
25.4,32.8,30.0,28.4,29.6,35.4,25.4,8.0,100.0,9.0,1012.3,80.72567796841399,48.02955685197649,57.87645852354139,67.0,64.0
26.8,29.5,29.0,28.0,28.4,31.3,26.3,1.6,20.0,3.0,1009.4,89.68028854656967,72.77438919854369,75.89543132864442,82.0,80.0
26.4,32.4,29.4,28.7,29.0,33.1,25.4,7.8,97.5,4.0,1012.3,86.48394160482556,58.663836396117,69.40589252384154,75.0,73.0
28.0,34.8,31.3,30.5,31.0,35.2,27.9,8.0,100.0,16.0,1010.1,82.5298050839433,49.38560524574138,65.56451241446432,70.0,69.0
26.8,31.2,28.8,28.4,28.7,33.0,25.8,3.9,48.75,26.0,1010.3,85.8405878583193,71.11977636715183,79.27546788372959,81.0,79.0
26.5,33.9,30.4,29.3,29.8,34.0,26.0,7.9,98.75,7.0,1010.1,76.75156797123567,47.02696853195816,64.32522391322146,66.0,66.0
27.5,36.1,31.4,30.6,31.0,36.4,26.4,8.0,100.0,28.0,1010.6,75.82811998976115,38.716761601390935,66.85963921764686,64.0,63.0
25.6,33.8,29.8,28.7,28.9,35.0,23.8,8.0,100.0,30.0,1010.6,76.27250696662372,39.00741023934512,62.63528567782356,64.0,66.0
23.4,32.3,28.2,26.8,27.8,33.9,23.0,7.8,97.5,27.0,1013.3,86.3325590892943,51.31055197347454,66.61794985770305,73.0,70.0
26.8,34.1,30.0,29.4,29.7,34.6,26.8,7.7,96.25,27.0,1009.5,91.23598014520164,59.38371983525674,76.38132020704725,80.0,77.0
27.6,34.5,30.0,29.9,30.2,35.4,27.2,7.7,96.25,26,1011.9,84.59440032172179,58.038188857350384,71.7328099909835,75.0,74.0
27.5,35.0,30.0,30.0,30.3,35.6,26.2,8.0,100.0,2.0,1010.0,80.14684676262321,48.06043588295052,70.4265344152407,70.0,69.0
25.8,32.6,25.6,27.5,27.4,32.8,25.4,5.3,66.25,19.0,1009.1,93.4471743149654,65.8095985056604,95.04508007848057,87.0,88.0
25.7,33.0,29.2,28.4,29.0,33.5,25.2,7.6,95.0,23.0,1010.5,86.2694830092714,49.80898515612841,72.60634996395858,74.0,71.0
27.4,35.5,31.4,30.4,29.7,35.7,25.3,8.0,100.0,14.0,1009.1,83.78382675153738,52.52176779664999,71.23127823712667,73.0,76.0
26.0,31.4,29.6,28.3,28.8,31.8,25.8,3.5,43.75,21.0,1013.9,88.70788403829688,66.85963921764686,75.51297311970721,80.0,79.0
26.0,32.6,29.4,28.5,28.8,33.7,24.8,7.7,96.25,12.0,1010.4,84.0423342777414,58.25051907104071,57.96769739170063,71.0,71.0
26.6,34.4,29.9,29.4,29.7,34.6,26.4,3.8,47.5,9.0,1009.8,79.7515707357844,47.50369662858105,72.33389858591264,70.0,70.0
25.2,31.5,28.2,27.5,27.7,31.7,25.0,4.0,50.0,29.0,1009.6,88.50029943447878,60.88307835066142,82.60358383674154,80.0,80.0
25.4,31.6,29.2,27.9,28.8,32.4,25.2,4.1,51.24999999999999,5.0,1011.4,80.72567796841399,54.57803838734739,71.26834341854764,72.0,72.0
28.4,35.0,30.6,30.6,30.6,35.2,27.0,7.7,96.25,15.0,1012.1,80.52370980548106,50.0686399274819,70.77844325470129,70.0,70.0
27.6,34.9,30.6,30.2,30.7,35.2,27.1,7.5,93.75,17.0,1009.9,80.18960841692854,52.02252019062289,71.42245261383157,71.0,71.0
27.3,34.0,30.0,29.7,29.2,34.2,26.1,7.7,96.25,17.0,1011.1,90.55986185017352,57.116121226214034,76.38132020704725,79.0,80.0
28.6,35.0,30.0,30.6,30.0,36.0,26.0,8.0,100.0,10.0,1010.8,77.78325870166977,45.10306452450653,73.04873549906269,68.0,71.0
25.9,29.6,28.6,27.5,27.6,31.5,25.4,0.9,11.25,12.0,1013.7,91.05908580220677,76.86944439631735,79.1889797069995,85.0,85.0
25.4,31.8,29.2,28,29.0,34.2,25.4,4.3,53.75,20.0,1011.3,86.17505419286611,55.32084155275348,69.940095578185,74.0,71.0
25.3,32.6,28.8,28,28.4,33.2,25.1,4.6,57.49999999999999,1.0,1011.1,90.9363127850532,62.85916939994319,80.68559164827653,81.0,81.0
25.0,33.2,28.6,28.0,28.7,33.6,23.6,7.6,95.0,4.0,1012.1,83.67229545386,46.85587014912887,70.90709427485386,71.0,70.0
27.4,36.8,30.6,30.6,30.7,37.1,26.2,8.0,100.0,6.0,1011.3,72.94210045735568,39.44105872764453,68.8606048096184,64.0,64.0
25.4,28.0,27.6,26.6,26.7,30.4,25.0,2.2,27.500000000000004,25,1007.6,95.02249789790692,87.6904851741927,84.59440032172179,91.0,88.0
27.3,34.9,24.9,28.6,27.6,35.1,24.2,3.6,45.0,5.0,1008.0,84.49443757604655,56.19807249885756,95.79651085137832,80.0,83.0
23.8,32.5,28.4,27.1,28.1,33.2,23.3,7.5,93.75,11.0,1014.9,84.01216795104388,49.87141941431712,70.78412810996097,72.0,69.0
25.0,34.2,29.0,28.3,28.5,34.4,23.6,7.9,98.75,26.0,1011.2,82.10352798927163,42.34719149329296,64.5758961059234,68.0,64.0
25.6,32.3,29.4,28.2,29.0,34.1,25.2,4.5,56.25,28.0,1011.1,80.050306608566,50.76512138961926,68.09766523624108,70.0,70.0
26.2,32.6,28.8,28.5,28.9,33.6,26.0,5.4,67.5,20.0,1011.9,89.54238859868522,61.11495162923162,77.87568482527143,80.0,79.0
28.2,35.0,30.0,30.4,30.1,35.4,26.8,7.0,87.5,30.0,1012.4,83.32959508253533,51.08392030569707,73.04873549906269,73.0,73.0
25.7,32.5,30.2,28.5,29.2,34.4,25.4,4.5,56.25,5.0,1011.3,81.62260751997363,55.91366246794263,65.43590651116466,71.0,70.0
27.0,34.7,31.3,30,30.2,35.2,26.2,8.0,100.0,8.0,1009.9,91.27415277620892,57.64760479814498,69.91255905885305,78.0,76.0
28.4,36.4,31.9,31.3,31.7,37.1,27.6,8.0,100.0,8.0,1011.7,76.28845131967515,42.667869670095534,70.25684314067139,66.0,67.0
27.9,34.6,30.6,30.3,30.4,35.3,27.2,6.3,78.75,27.0,1010.4,83.95670967646487,58.11238946609455,68.8606048096184,74.0,73.0
28.9,34.5,31.6,31,30.8,34.6,26.6,7.6,95.0,14.0,1009.9,76.53493744622767,50.13593691208289,68.83959436150704,68.0,70.0
27.6,33.2,30.0,29.6,29.5,34.8,26.0,7.0,87.5,15.0,1011.4,90.62046427084232,65.01359388657264,81.15168008817496,82.0,81.0
25.6,33.2,29.8,28.6,29.0,33.6,25.0,8.0,100.0,15.0,1013.1,72.70374663561232,42.09739984069171,62.78689918897066,63.0,63.0
26.6,33.2,31.5,29.5,30.3,34.6,26.4,7.6,95.0,4.0,1012.5,84.25491068126225,57.03986946224568,71.28661115431561,74.0,72.0
27.6,34.1,29.8,29.8,29.8,34.6,27.0,6.9,86.25,30,1010.9,85.33799824315096,56.11000977698222,75.6119273332423,76.0,77.0
27.5,36.3,30.0,30.3,30.2,36.5,26.5,8.0,100.0,19.0,1011.7,74.40937544202252,39.82727292536018,73.71034319628443,66.0,68.0
26.7,33.3,28.0,28.7,28.7,33.5,25.8,6.3,78.75,30.0,1011.8,88.88232117273685,59.914043977974416,88.43865189170356,82.0,82.0
26.6,32.8,30.6,29.2,29.7,34.6,26.6,6.7,83.75,24.0,1009.8,85.778016219296,62.41612122371,69.49752956443366,76.0,75.0
28.8,36.6,31.0,31.3,30.7,36.7,26.5,7.7,96.25,26.0,1010.3,75.1067839724899,46.59457119789852,71.00714699271731,67.0,70.0
23.7,33.7,27.8,27.2,27.5,33.8,23.0,7.5,93.75,10.0,1014.3,82.34889283195061,45.81521404427532,73.87372847196593,71.0,71.0
27.4,34.2,29.8,29.7,29.9,34.8,26.6,7.4,92.5,13.0,1012.0,84.52793457568407,56.728252472099896,74.27096201770802,75.0,76.0
26.4,31.2,28.8,28.2,28.4,32.0,25.8,4.2,52.5,25.0,1010.6,85.71477167459545,71.75610541149318,75.7952037394281,80.0,79.0
25.8,29.8,28.2,27.4,27.6,30.4,25.5,3.4,42.5,20.0,1011.6,90.24198092503607,72.93984299242373,79.01327431196098,83.0,82.0
28.0,34.2,29.9,30.0,30.0,35.1,26.5,7.0,87.5,1.0,1012.0,86.9450737989894,59.45633891140428,76.33384622965673,77.0,77.0
27.7,32.5,30.0,29.5,29.6,33.7,24.3,4.4,55.00000000000001,7.0,1010.2,86.8615487603865,66.94349404735777,79.0920832572861,80.0,78.0
28.0,34.8,30.6,30.4,30.6,35.0,26.4,7.5,93.75,17.0,1007.8,81.0795575743254,51.93789065332796,72.06884398973284,72.0,73.0
24.2,31.2,29.8,27.4,27.9,33.0,24.0,4.5,56.25,16.0,1012.7,83.36125761542948,54.22144165282688,54.09821881857822,69.0,68.0
23.9,33.6,30.5,28.0,29.1,33.9,23.0,7.4,92.5,2.0,1012.9,80.82907135715635,48.7970208456448,61.93091679204403,68.0,68.0
27.4,33.1,29.0,29.2,28.9,33.4,25.8,5.1,63.74999999999999,25.0,1009.2,87.5318087351986,60.33355843625727,79.36106316073894,79.0,81.0
26.2,34.0,25.1,27.9,26.5,34.2,23.6,5.0,62.5,27,1008.4,90.32925307559572,60.97823919749419,94.9881630915742,84.0,88.0
28.8,36.1,32.1,31.5,30.4,36.2,26.2,7.5,93.75,4.0,1013.3,75.1067839724899,44.715291549978645,59.004240957825886,63.0,66.0
28.6,32.6,28.2,29.5,29.3,34.6,26.6,5.0,62.5,19.0,1014.1,79.1889797069995,61.11495162923162,77.59548508932355,74.0,75.0
28.7,32.9,30.0,30.1,30.3,33.8,28.0,5.2,65.0,11.0,1011.5,75.05481334107212,63.06606715258136,74.37439491091294,72.0,72.0
26.4,33.6,27.4,28.5,27.7,35.8,25.1,6.9,86.25,28.0,1011.6,88.80836197722951,62.96448376775169,77.92790980700342,80.0,82.0
26.1,32.9,28.8,28.5,29.2,35.6,26.1,6.8,85.0,24.0,1010.5,94.29434109290663,64.2329663806745,79.27546788372959,83.0,80.0
27.9,32.0,27.4,28.8,28.6,35.0,25.9,4.1,51.24999999999999,30.0,1009.5,86.1731188197195,61.25734240193851,84.52793457568407,80.0,80.0
25.8,28.8,28.2,27.2,27.4,29.6,25.6,0.0,0.0,30.0,1009.6,88.65682829400109,74.42088280638572,81.88023772703265,83.0,84.0
27.9,34.3,30.0,30.0,29.7,34.6,25.8,6.4,80.0,8.0,1010.1,71.15770766073409,46.90531505027841,67.8426000449919,64.0,68.0
26.4,31.8,27.8,28.1,27.9,33.0,25.5,2.0,25.0,28.0,1007.6,84.94839962607826,64.0834515854786,84.66016992712476,80.0,81.0
26.2,33.4,29.6,28.9,29.0,34.4,25.0,7.2,90.0,19.0,1010.4,85.65084461599145,54.45890182762074,66.29178756270365,73.0,72.0
26.9,34.5,30.6,29.7,30.2,34.6,26.3,7.6,95.0,9.0,1009.6,82.8567058791869,56.422408482096095,68.22602122405351,73.0,70.0
24.3,32.5,28.6,27.4,28.5,32.8,24.3,7.7,96.25,27.0,1012.4,80.22180421990502,46.15059432046535,62.97955686965637,67.0,65.0
25.4,31.3,26.7,27.2,26.9,31.7,25.0,1.0,12.5,29.0,1011.3,95.02249789790692,71.81073957621086,94.36956558264818,89.0,91.0
28.2,34.6,30.0,30.3,30.2,35.2,27.5,7.0,87.5,10.0,1010.9,84.7896593674728,59.197649224917846,71.7328099909835,75.0,71.0
26.6,31.1,29.0,28.3,28.3,31.6,25.4,0.1,1.25,16.0,1007.9,83.49751167822245,62.3800665535927,65.87148937682656,74.0,74.0
26.0,34.2,30.2,29.1,29.4,35.0,24.5,7.6,95.0,22.0,1012.1,85.5862252803843,47.31442463868271,64.18185969838075,71.0,69.0
28.0,31.4,28.0,28.9,28.3,31.8,26.4,1.5,18.75,26.0,1008.8,84.72525309285922,67.47725211789295,83.25893254604202,80.0,82.0
27.4,34.0,28.1,29.2,28.9,35.5,26.0,4.1,51.24999999999999,9.0,1009.2,91.34930056306354,56.57253152833923,80.40006349608994,80.0,81.0
27.4,32.6,24.9,28.1,26.9,32.8,24.0,4.4,55.00000000000001,17.0,1011.5,87.5318087351986,64.03278443033764,94.96496035855571,84.0,87.0
27.0,28.1,28.3,27.6,27.5,29.7,25.0,0.0,0.0,21.0,1010.2,95.98976025824382,80.40006349608994,83.36465062467632,89.0,87.0
26.6,32.5,30.2,29,28.7,33.3,25.5,7.6,95.0,11.0,1011.8,88.3148499282266,65.1500115285397,80.96095167641076,81.0,80.0
25.4,32.4,28.1,27.8,28.2,33.5,23.8,7.7,96.25,31.0,1011.9,76.91648402056047,50.31644633132058,58.703191019389145,66.0,66.0
28.1,36.0,30.2,30.6,30.7,36.6,27.6,8.0,100.0,15.0,1009.1,75.43604101334456,37.26464666060076,68.61150962052204,64.0,66.0
26.8,33.8,27.6,28.8,28.3,34.2,26.0,5.6,70.0,12,1009.5,88.90671270734428,58.60995497880436,84.59440032172179,80.0,82.0
25.0,32.8,29.5,28.1,28.8,34.7,24.2,7.9,98.75,23.0,1011.8,83.67229545386,48.55792625152143,61.77664129892523,69.0,68.0
26.4,33.8,31.0,29.4,30.2,34.2,26.2,7.7,96.25,26.0,1010.7,85.71477167459545,57.50855219730007,72.28724043114948,75.0,74.0
28.2,34.4,30.3,30.3,30.6,35.1,26.7,7.6,95.0,8.0,1009.4,86.26052375101906,59.05286055957944,73.20999788413957,76.0,75.0
26.8,34.1,28.8,29.1,29.2,34.1,26.8,3.9,48.75,10.0,1009.2,89.68028854656967,58.28437541779736,79.27546788372959,79.0,79.0
27.5,29.0,29.3,28.3,29.3,33.3,26.8,3.8,47.5,4.0,1013.1,84.5612550786187,81.47128580123523,78.10259730625512,82.0,79.0
27.6,34.1,30.6,30.0,30.4,34.8,26.6,7.8,97.5,14.0,1008.2,84.59440032172179,51.33374903417733,65.71089659970016,72.0,69.0
25.9,33.2,29.5,28.6,29.2,34.2,25.6,7.7,96.25,11.0,1010.7,87.1123510603933,57.03986946224568,64.3033463157937,74.0,70.0
27.6,35.1,31.0,30.3,30.1,35.6,25.8,8.0,100.0,8.0,1012.3,75.88035799361863,38.55925636156685,57.53125649218956,62.0,63.0
25.1,33.7,24.4,27.1,27.4,34.6,24.2,6.6,82.5,13.0,1011.6,90.89449208239,59.64654294539604,94.90583201544273,84.0,84.0
26.5,30.7,29.0,28.2,28.3,31.4,26.4,0.9,11.25,5.0,1010.2,82.70451036372832,68.28878776681819,79.36106316073894,78.0,79.0
26.3,32.0,30.4,28.8,28.7,33.0,25.9,4.4,55.00000000000001,11.0,1013.6,87.22751553919653,63.02857480380478,74.57811767655987,78.0,80.0
27.4,35.7,29.6,30,30.2,36.0,26.8,8.0,100.0,03,1008.4,88.28969796249643,48.19851817176033,72.82982508039592,74.0,73.0
27.4,33.8,29.6,29.6,29.6,34.6,25.8,8.0,100.0,11.0,1011.0,77.17972985249027,41.37529280656101,60.553759704599,64.0,65.0
26.8,33.7,29.0,29.1,29.6,34.6,26.6,5.0,62.5,14.0,1012.0,88.90671270734428,60.20548110856996,86.48706481343984,81.0,81.0
28.0,33.4,28.3,29.4,28.9,34.4,26.2,6.3,78.75,10.0,1011.1,87.6904851741927,66.31021884212748,87.02730244845587,82.0,83.0
24.0,34.0,29.4,27.9,28.8,34.4,23.8,7.4,92.5,26.0,1013.2,84.8996924687145,53.35288760163029,61.07038972046147,71.0,70.0
27.4,32.7,29.7,29.3,29.3,33.3,25.4,7.2,90.0,16.0,1011.6,90.58016869644074,58.896283681605645,72.88497568801165,78.0,74.0
26.0,34.7,29.8,29.1,29.2,35.0,24.4,7.7,96.25,31.0,1010.4,91.07916412062112,50.312989978041536,69.00471715158628,75.0,70.0
25.4,32.8,24.9,27.1,26.8,33.0,24.0,5.7,71.25,2.0,1011.7,94.20347210821006,62.41612122371,96.63109259840672,87.0,88.0
27.9,34.5,28.9,29.8,29.4,35.9,25.5,8.0,100.0,10.0,1012.3,75.33097063665282,45.10551549693116,76.53493744622767,68.0,70.0
27.0,28.3,25.0,26.8,26.6,31.4,24.6,1.8,22.5,28.0,1012.0,88.18775397121046,87.76797938672762,94.97659331039516,90.0,90.0
25.9,31.7,26.6,27.5,27.1,32.2,25.2,0.4,5.0,15.0,1009.9,89.47175935574822,64.6172244860334,90.41467422295304,83.0,85.0
27.2,31.2,28.8,28.6,28.2,32.8,24.4,3.1,38.75,10,1011.2,84.46076283297424,73.67930641426574,84.97891009814008,82.0,83.0
26.1,34.5,29.6,29.1,29.2,34.7,24.2,7.6,95.0,2.0,1010.2,84.84703341260744,48.10156627274093,67.58032172685273,71.0,69.0
26.6,32.1,28.4,28.4,28.7,33.0,26.2,4.3,53.75,26.0,1008.9,88.08362644659897,63.09883071657181,80.52370980548106,80.0,79.0
27.2,32.8,30.1,29.3,29.6,33.7,26.0,4.4,55.00000000000001,21.0,1009.2,84.46076283297424,65.93660591896318,77.10111681311884,78.0,78.0
25.5,30.1,26.4,26.9,27.0,30.5,24.6,0.8,10.0,14.0,1009.0,89.37579119025656,69.19189771300515,91.94751106939376,85.0,87.0
25.2,33.0,29.8,28.3,29.1,33.9,24.8,3.0,37.5,4.0,1010.0,85.32062433157787,60.26014815147468,74.27096201770802,76.0,75.0
28.6,35.4,30.8,30.9,30.6,36.0,26.8,8.0,100.0,1.0,1010.0,75.00257048572264,44.52263402649709,68.35123539266635,66.0,68.0
26.0,33.4,26.8,28.1,27.9,34.0,25.4,4.9,61.25000000000001,7.0,1011.8,93.47656840107815,62.25678696457727,88.90671270734428,85.0,85.0
25.4,33.7,29.9,28.6,29.5,34.4,25.2,7.7,96.25,25.0,1012.5,80.72567796841399,50.97905270615147,67.13612680589539,70.0,69.0
27.2,28.0,27.4,27.5,28.0,33.6,26.0,3.9,48.75,4.0,1010.0,89.76980912726532,83.25893254604202,87.5318087351986,88.0,87.0
25.6,33.4,29.5,28.5,29.2,33.8,25.6,7.5,93.75,15.0,1010.3,91.80168143581014,61.6862891896572,77.50580158753323,81.0,79.0
27.9,34.3,31.3,30.4,30.4,36.4,26.2,8.0,100.0,29.0,1011.0,73.9297525381291,48.42281874546188,62.52674667467705,65.0,65.0
25.8,32.9,30.0,28.6,29.1,34.4,25.4,6.9,86.25,30.0,1012.5,83.96993098278614,56.24314236230354,71.7328099909835,74.0,75.0
27.7,31.3,29.4,29,28.9,33.4,26.6,2.7,33.75,27.0,1011.0,86.11408308643615,56.344879056524654,63.92030827433247,73.0,71.0
26.6,27.2,29.0,27.4,28.1,32.2,26.0,2.6,32.5,2.0,1009.6,90.41467422295304,82.22680582105477,79.36106316073894,86.0,82.0
27.9,34.7,30.1,30.2,30.0,35.7,26.6,7.3,91.25,22.0,1009.9,80.31654583977061,51.337664800322415,71.13653696419392,71.0,73.0
26.1,33.2,29.0,28.6,28.9,33.5,25.4,6.5,81.25,12.0,1013.1,91.09913483524412,59.27605227251609,71.81979377026954,78.0,76.0
28.6,35.0,30.6,30.7,30.3,36.0,25.4,8.0,100.0,12.0,1009.7,61.69145607113053,40.31643057859937,65.71089659970016,57.0,63.0
27.3,28.1,24.6,26.8,26.2,33.4,24.0,3.2,40.0,31.0,1011.4,82.26538526763312,76.13743161825278,94.92967791935156,84.0,89.0
25.6,29.2,28.4,27.2,27.0,33.5,24.5,0.7,8.75,6.0,1011.2,95.8633603365631,74.63184462827458,79.81134216844922,87.0,86.0
27.4,27.6,28.0,27.6,27.5,30.8,25.8,1.9,23.75,28.0,1011.9,86.02435915620528,89.0972680703221,83.25893254604202,86.0,86.0
26.9,33.7,30.6,29.5,30.1,33.8,26.7,7.0,87.5,12.0,1010.6,91.25511694264776,57.98211088260737,68.22602122405351,77.0,74.0
26.7,33.3,30.4,29.3,28.6,33.6,24.8,4.5,56.25,1.0,1012.1,89.65761036419048,62.761371379485055,73.26320590951248,79.0,81.0
24.2,33.4,28.8,27.7,28.5,34.4,24.0,7.5,93.75,26.0,1010.8,85.78141450061246,46.538196803208606,67.03908971607576,71.0,71.0
24.1,32.7,28.2,27.3,27.9,32.9,23.0,8.0,100.0,30.0,1012.7,81.71842513612906,43.76455474283597,63.97167776802794,68.0,67.0
26.4,33.5,30.1,29.1,30.0,35.5,26.4,7.8,97.5,29.0,1009.9,78.17494620895789,48.18347531486469,68.54843367058875,68.0,67.0
25.5,31.9,29.0,28.0,28.6,32.4,25.4,2.4,30.0,9.0,1010.7,87.78549878021408,58.26855170740187,75.20991612349528,77.0,77.0
28.0,34.8,26.8,29.4,28.6,35.4,25.2,4.3,53.75,4.0,1009.8,81.80335062722672,56.65275121016722,90.45670689176886,78.0,79.0
26.5,31.0,28.4,28.1,28.7,32.7,26.0,3.1,38.75,24.0,1010.2,89.6118904223609,67.223150346921,76.28845131967515,81.0,78.0
25.2,33.4,29.2,28.3,28.8,34.0,25.2,7.7,96.25,1.0,1012.4,85.32062433157787,55.002618204861264,70.6030049832072,74.0,72.0
22.2,33.0,29.1,26.6,27.5,33.4,22.0,7.5,93.75,6.0,1013.0,80.83844589518789,41.053488273353,60.82697688605909,66.0,62.0
27.8,33.5,28.1,29.3,29.3,35.0,26.7,7.1,88.75,7.0,1012.7,78.11747850561429,58.940476305099,82.56679095122321,74.0,77.0
28.1,35.4,30.4,30.5,30.3,35.4,25.6,7.7,96.25,29.0,1009.8,81.84189481773382,51.930906880687,69.37621410439922,71.0,71.0
26.1,33.9,31.0,29.3,29.9,34.4,25.7,8.0,100.0,8.0,1011.2,84.84703341260744,53.80107586540839,65.98031135011355,72.0,68.0
27.0,32.1,26.3,28.1,27.8,32.9,25.2,5.0,62.5,9.0,1008.8,85.14630520572123,67.30061605348195,93.52007318865054,83.0,85.0
26.8,30.9,28.1,28.2,28.6,32.7,26.5,1.4,17.5,5.0,1010.1,87.36803915131289,69.6772022350568,88.46302705722916,83.0,81.0
25.8,33.5,30.4,28.9,28.9,34.0,25.8,8.0,100.0,19.0,1009.1,88.65682829400109,60.06047876412948,71.95797343114366,77.0,79.0
23.2,32.7,29.2,27.1,27.7,32.9,22.8,7.6,95.0,31.0,1011.6,84.6030052662391,49.525474481052825,66.66161429376073,71.0,69.0
26.8,31.8,30.2,28.9,28.6,32.8,25.0,1.8,22.5,23.0,1009.6,85.8405878583193,64.68499570735717,73.15651806356883,77.0,80.0
27.5,36.3,30.7,30.5,30.1,36.5,25.4,8.0,100.0,12.0,1011.3,74.40937544202252,39.375923953070654,56.68707359756591,61.0,63.0
27.2,33.0,29.6,29.3,29.4,33.2,26.5,3.1,38.75,11.0,1011.5,88.23899507516032,59.6916632442108,76.86944439631735,78.0,77.0
27.3,26.2,27.2,27.0,27.4,32.8,25.4,2.6,32.5,30.0,1011.7,80.7928740449669,90.32925307559572,85.96375009384045,84.0,85.0
26.6,33.6,29.4,29.1,29.1,34.2,25.0,8.0,100.0,6.0,1013.0,71.03320931659391,42.700610836063454,63.59330427415417,62.0,65.0
27.0,33.8,30.8,29.7,30.1,35.4,26.7,8.0,100.0,19.0,1011.5,92.0528680911697,57.50855219730007,72.17859456011107,78.0,75.0
26.2,33.2,28.6,28.6,28.2,34.4,25.2,2.1,26.25,17.0,1007.6,82.58819822995022,62.11821853751877,77.78325870166977,76.0,78.0
28.6,34.1,30.0,30.3,29.6,34.4,25.8,8.0,100.0,6.0,1010.4,66.900192873681,49.77656103877753,67.8426000449919,63.0,66.0
25.1,33.4,29.0,28.2,28.5,34.0,23.6,7.4,92.5,27.0,1012.1,82.92627297275665,43.48942967113984,65.87148937682656,69.0,69.0
27.6,25.6,25.0,26.5,25.7,31.0,24.4,0.3,3.75,21.0,1012.4,91.38628683670292,93.41746228939556,93.32637261393612,92.0,90.0
27.6,31.0,29.0,28.8,29.0,32.6,26.4,0.0,0.0,27.0,1011.0,81.6471325928847,64.7465863283378,77.9671551350185,77.0,78.0
28.2,35.9,28.6,30.2,30.0,36.1,27.0,7.6,95.0,29.0,1010.5,86.26052375101906,55.91125108913937,70.90709427485386,75.0,75.0
26.3,34.3,30.6,29.4,30.2,34.8,26.0,7.8,97.5,13.0,1012.3,78.86938994819847,55.73039127571477,69.49752956443366,71.0,72.0
25.8,31.6,28.6,28,28.1,32.0,25.5,4.5,56.25,21.0,1012.2,87.86856847981741,63.94518647294017,79.1889797069995,80.0,81.0
24.6,32.0,28.8,27.5,27.6,34.0,22.8,7.0,87.5,24.0,1013.7,82.72520463665329,56.05940143461488,67.03908971607576,72.0,68.0
23.6,33.2,28.8,27.3,28.0,34.0,23.1,7.9,98.75,22.0,1011.6,83.11870691890871,47.374401881423154,63.78016467292361,69.0,68.0
27.4,33.1,30.1,29.5,29.6,33.7,26.4,6.3,78.75,24.0,1011.3,89.05037959843648,62.048421178372216,79.13381475106209,80.0,80.0
25.5,28.4,27.0,26.6,26.6,29.4,25.0,0.0,0.0,30.0,1009.5,88.57920168831174,73.51620176559189,82.89424882832314,83.0,84.0
27.2,32.2,26.8,28.4,27.8,33.3,25.3,2.7,33.75,10.0,1009.9,77.10835778197287,59.65952519501536,87.36803915131289,75.0,81.0
25.4,33.5,30.4,28.7,29.6,35.4,25.4,8.0,100.0,19,1012.6,91.76423123386564,56.72519400076476,73.26320590951248,78.0,74.0
25.0,33.6,28.8,28.1,28.5,34.1,24.2,7.6,95.0,3.0,1012.0,86.84391758944578,46.735177017139215,67.69800142142434,72.0,70.0
26.7,35.1,30.1,29.7,29.9,35.5,24.8,7.7,96.25,24.0,1012.3,84.28967862938835,48.650002598506575,62.24177013835277,70.0,67.0
26.0,26.0,26.4,26.1,25.9,29.0,25.0,0.0,0.0,20.0,1007.8,90.28585167216605,93.47656840107815,90.3721917544973,91.0,92.0
25.3,34.7,28.0,28.3,28.8,35.3,25.3,7.7,96.25,10.0,1012.0,90.9363127850532,52.88894520663304,81.80335062722672,79.0,78.0
27.0,33.4,26.3,28.4,27.9,35.4,25.7,5.0,62.5,11.0,1009.0,87.42320827831851,58.30737398041321,91.9296224982397,81.0,83.0
28.2,34.0,30.9,30.3,30.7,34.6,27.8,7.5,93.75,21.0,1011.2,92.94149441070245,58.209363090969305,73.36881402481814,79.0,76.0
27.3,31.8,29.4,29,29.4,34.4,27.0,5.7,71.25,17.0,1010.7,89.79189540572759,69.5782591155174,80.9222185119632,83.0,80.0
26.0,31.2,25.4,27.2,26.9,31.4,25.2,0.8,10.0,14.0,1010.5,93.47656840107815,70.48579939879819,95.02249789790692,88.0,89.0
26.6,35.0,26.0,28.6,28.0,35.2,25.0,6.8,85.0,28.0,1009.1,91.98300349779372,55.746913099777984,93.47656840107815,83.0,85.0
27.0,34.6,29.0,29.4,28.9,34.8,25.5,4.7,58.75,17.0,1008.9,83.64219362252179,55.96593521174209,79.36106316073894,76.0,77.0
25.8,32.7,29.6,28.5,29.0,33.3,25.4,4.8,60.0,30.0,1010.3,94.25581573196877,62.92847751674029,78.92301599560838,83.0,80.0
28.2,35.1,29.4,30.2,29.6,35.2,26.6,5.4,67.5,31.0,1010.4,83.32959508253533,54.77630745075668,78.14728097822254,75.0,77.0
28.4,26.4,25.1,27.1,26.6,30.3,25.0,0.0,0.0,19.0,1010.1,76.28845131967515,82.66594833556785,91.70728804754104,82.0,85.0
27.4,31.2,26.0,28,27.7,34.8,25.7,3.7,46.25,15.0,1010.2,87.5318087351986,71.75610541149318,90.28585167216605,84.0,85.0
25.7,31.2,29.0,27.9,28.7,32.6,25.7,5.8,72.5,25.0,1012.3,93.432358327844,71.11977636715183,80.76528192707865,85.0,83.0
27.1,31.4,29.5,28.8,28.8,33.2,24.8,5.7,71.25,14,1012.2,85.93320426278605,69.97066069376442,74.78721885027767,79.0,79.0
26.0,33.4,30.6,29,29.7,33.4,25.8,6.8,85.0,20.0,1011.9,82.50960343341829,51.770125917571264,65.71089659970016,71.0,69.0
26.4,34.4,27.8,28.8,28.4,34.6,25.0,5.9,73.75,31.0,1011.0,86.48394160482556,60.150227718567386,87.63814578254772,80.0,82.0
26.2,30.7,27.8,27.7,28.4,32.6,26.2,2.9,36.25,19.0,1009.6,95.11138771291226,70.19571079409012,78.83384427875454,85.0,81.0
26.8,32.2,27.6,28.4,28.3,34.4,25.6,5.6,70.0,24.0,1009.2,87.36803915131289,60.820648257169466,81.6471325928847,79.0,80.0
26.9,32.2,30.4,29.1,29.3,33.0,26.0,3.2,40.0,27.0,1013.2,92.03554033549156,59.65952519501536,75.90279250253661,80.0,79.0
26.7,35.1,29.8,29.6,29.5,35.8,25.8,4.5,56.25,1.0,1010.7,79.61551369370629,49.443814726018005,59.50123493104272,67.0,68.0
27.4,35.5,29.7,30.0,30.4,35.6,26.8,7.6,95.0,7.0,1010.1,84.52793457568407,52.01402605688343,76.23816699229657,74.0,73.0
25.4,34.0,29.8,28.7,29.5,34.2,25.4,7.8,97.5,2.0,1012.1,90.15280438641372,50.20373482346915,71.61848531643072,76.0,71.0
25.6,32.6,29.9,28.4,29.1,33.6,23.8,7.9,98.75,15.0,1013.5,95.04508007848057,55.43834509061784,74.32281093507183,80.0,76.0
27.6,35.2,30.0,30.1,30.0,36.9,27.1,5.8,72.5,26.0,1010.8,77.30631336644643,45.78248722952147,74.37439491091294,69.0,72.0
25.4,30.3,28.3,27.4,27.2,31.0,24.6,4.5,56.25,7.0,1011.3,91.76423123386564,75.1900251597877,82.64018508563042,85.0,84.0
24.9,33.9,28.8,28.1,28.6,34.5,23.7,7.6,95.0,16.0,1012.8,85.21799298983703,50.1133072301607,75.1067839724899,74.0,69.0
26.4,31.0,30.7,28.6,29.1,34.5,26.2,2.5,31.25,26.0,1012.0,90.3721917544973,73.57684986071314,74.72821586260116,82.0,79.0
25.8,33.4,29.4,28.6,28.4,34.2,24.8,4.0,50.0,21.0,1010.2,91.83872886818205,56.096081358812775,78.14728097822254,79.0,80.0
27.0,34.1,29.0,29.3,29.2,34.1,26.1,6.3,78.75,13,1012.3,90.49829607025424,54.500246266789375,79.36106316073894,79.0,77.0
27.7,29.8,27.5,28.2,28.6,33.7,25.7,6.7,83.75,19.0,1011.5,89.87908958386673,72.93984299242373,84.5612550786187,84.0,80.0
25.7,32.0,29.4,28.2,28.4,33.8,24.0,7.8,97.5,15.0,1011.5,76.32690627267927,50.481169604251534,64.86857010352392,67.0,65.0
26.5,34.3,30.5,29.5,29.8,35.0,26.3,7.1,88.75,22.0,1008.7,85.74647865707125,54.13252485226756,70.72053802467639,74.0,74.0
28.6,34.6,26.3,29.5,28.3,35.5,25.0,4.7,58.75,22.0,1010.0,80.605071488962,55.43428548892288,86.45379758998696,76.0,78.0
26.0,33.0,29.4,28.6,28.6,33.2,25.4,4.0,50.0,16.0,1011.4,91.8753792283236,64.88463066854185,78.14728097822254,82.0,82.0
27.0,32.4,28.6,28.8,27.5,32.6,24.0,5.4,67.5,14,1011.8,89.72528558852834,65.68132808454043,75.00257048572264,80.0,83.0
25.6,32.5,30.2,28.5,29.0,33.4,24.9,6.6,82.5,2.0,1010.4,83.12188682620223,57.60424646051345,67.97172153416031,73.0,71.0
27.4,33.6,29.8,29.6,29.8,33.8,27.0,7.6,95.0,2.0,1011.1,92.12127364764378,59.573172078111504,78.3237395212866,81.0,78.0
27.0,34.2,31.0,29.8,30.2,35.0,25.8,7.5,93.75,28.0,1011.9,85.90249604768772,48.32986410252225,69.10467117983193,72.0,71.0
28.8,35.6,31.0,31.1,30.8,35.8,26.6,7.8,97.5,21.0,1009.0,77.87568482527143,53.6229146744194,69.73648804147354,70.0,71.0
25.8,34.5,30.6,29.2,29.4,35.0,24.6,7.8,97.5,1.0,1011.1,83.96993098278614,44.12137757755559,57.19248127005084,67.0,66.0
26.8,31.0,29.8,28.6,28.5,33.0,25.2,4.3,53.75,22.0,1012.5,88.90671270734428,71.64600932002844,74.27096201770802,81.0,79.0
23.0,32.1,27.9,26.5,27.3,32.6,22.7,7.6,95.0,29.0,1012.9,84.52671610514061,49.48701912548783,62.42072374775355,70.0,66.0
26.1,27.3,26.5,26.5,26.1,27.6,25.7,3.8,47.5,9.0,1007.6,95.10048385746347,92.88080995723968,84.98182659422248,92.0,92.0
25.2,34.2,30.0,28.7,29.0,35.8,24.4,8.0,100.0,5.0,1012.3,76.05189199023188,36.62011575113503,51.93502696124837,60.0,62.0
26.8,32.0,29.5,28.8,29.2,34.7,24.2,5.2,65.0,22.0,1011.9,83.57023915739346,55.49237042653965,74.11380715619863,74.0,73.0
26.0,34.2,29.3,28.9,29.1,34.8,25.5,7.2,90.0,19.0,1010.3,82.50960343341829,48.32986410252225,71.32745922685642,71.0,71.0
28.6,34.1,31.0,30.6,30.1,35.0,26.0,2.6,32.5,12.0,1010.1,76.38781868493955,52.38147069849612,67.223150346921,68.0,69.0
27.5,32.8,27.4,28.8,29.7,34.8,26.4,7.3,91.25,15.0,1011.0,85.30646977407001,65.93660591896318,85.274774733116,80.0,77.0
25.8,30.2,30.0,28,29.0,32.1,25.8,4.2,52.5,8.0,1012.1,90.24198092503607,74.4767753217699,76.38132020704725,83.0,78.0
25.1,31.2,25.4,26.7,27.1,32.3,24.0,1.1,13.750000000000002,25.0,1010.2,90.89449208239,67.35084374938542,81.4957643905576,83.0,82.0
26.1,31.4,29.4,28.3,28.7,32.3,25.4,6.2,77.5,7.0,1010.8,87.17024343931587,59.62302862646111,72.71866605592312,77.0,75.0
26.9,33.6,31.0,29.6,29.6,35.3,25.0,7.8,97.5,11.0,1010.1,79.88544819641784,50.36332992949533,62.30616368980723,68.0,66.0
26.6,31.3,26.6,27.8,27.3,31.9,24.6,8.0,100.0,6.0,1008.5,86.5437471238459,73.73015054784968,90.41467422295304,84.0,86.0
27.5,30.8,28.8,28.7,28.5,32.4,26.2,0.1,1.25,27.0,1009.3,86.05442464121225,68.35123539266635,79.27546788372959,80.0,79.0
25.9,28.4,27.8,27.0,27.5,30.6,25.8,2.3,28.75,05,1009.7,89.47175935574822,83.3995240550639,80.27445638041887,86.0,82.0
27.6,34.5,30.6,30.1,29.9,34.7,27.0,4.8,60.0,28.0,1010.0,91.38628683670292,59.67209272502773,77.99526818713257,80.0,77.0
27.4,33.2,29.8,29.5,29.7,33.8,26.8,4.6,57.49999999999999,1.0,1010.3,78.6505836125575,54.83644656412808,74.27096201770802,72.0,71.0
28.0,34.4,29.7,30.0,30.0,35.3,27.3,6.4,80.0,3.0,1009.5,84.72525309285922,60.150227718567386,76.91625404147594,77.0,77.0
27.8,34.8,30.5,30.2,30.3,35.0,25.7,8.0,100.0,27.0,1011.8,74.3137406196908,45.49521213815867,52.6047186128805,62.0,64.0
26.2,30.1,26.7,27.3,27.3,31.1,24.8,2.6,32.5,16.0,1010.0,87.97725281676126,71.7895335799344,91.21674166943382,85.0,86.0
26.4,35.0,29.8,29.4,29.5,35.3,24.4,7.6,95.0,15.0,1011.7,85.71477167459545,53.13716118293299,67.71213967567287,73.0,70.0
27.6,33.9,30.2,29.8,29.8,33.9,26.8,5.8,72.5,18.0,1009.3,88.33987014888277,62.03212262755794,75.14057018430071,78.0,79.0
25.4,32.0,29.4,28.1,29.0,32.5,25.1,5.0,62.5,29.0,1012.4,90.15280438641372,66.02456491260962,70.7237245715124,79.0,79.0
26.2,35.5,30.7,29.7,30.3,36.1,25.6,7.8,97.5,21.0,1012.6,84.11395800824295,45.58166751932164,64.53752325201091,70.0,69.0
28.2,33.5,30.2,30.0,30.0,34.8,26.8,7.7,96.25,4.0,1009.1,84.7896593674728,64.04660334144467,75.80682328878636,77.0,77.0
27.8,34.4,30.4,30.1,30.3,35.0,27.0,7.8,97.5,6.0,1011.4,84.66016992712476,50.56100613161344,74.57811767655987,74.0,74.0
29.0,28.7,29.3,29.0,28.5,32.5,26.0,2.0,25.0,31.0,1011.6,78.66282587882573,76.43711411334586,77.413813665276,78.0,80.0
26.2,30.8,29.0,28.1,28.6,32.8,25.0,3.1,38.75,17.0,1010.5,90.32925307559572,73.47335716573123,80.76528192707865,84.0,81.0
27.6,35.0,27.4,29.4,28.5,35.4,25.0,6.4,80.0,04,1008.4,84.59440032172179,55.22107859728408,81.56777857178838,76.0,79.0
26.3,33.8,30.3,29.2,29.5,35.8,25.5,7.5,93.75,21.0,1011.8,81.8701625185645,52.65181329636384,68.67426249286548,71.0,71.0
26.3,31.6,27.0,27.8,27.6,32.0,24.7,0.6,7.5,22.0,1008.6,88.00406029414276,65.76366328791275,85.90249604768772,82.0,81.0
27.5,33.5,30.9,29.9,30.4,34.8,27.5,5.1,63.74999999999999,24.0,1010.6,79.42048225172886,61.75613435611489,69.6772022350568,73.0,74.0
26.6,31.4,27.9,28.1,27.8,32.2,25.3,2.1,26.25,23,1007.9,87.31227976924256,59.03424781584273,86.91737750798436,80.0,83.0
27.8,34.6,30.4,30.2,30.3,35.0,26.0,7.7,96.25,25.0,1012.2,81.72565273312577,51.76738836322172,75.90279250253661,73.0,77.0
27.2,32.6,29.2,29.1,28.5,33.4,25.8,4.2,52.5,27.0,1010.3,82.96873755837069,61.11495162923162,79.44577787810705,77.0,81.0
26.4,33.0,29.0,28.7,28.3,33.6,25.2,4.3,53.75,6.0,1008.5,87.25592172444505,63.71561446154341,77.9671551350185,79.0,78.0
26.8,34.2,29.1,29.2,28.4,34.5,25.2,5.3,66.25,9.0,1007.4,87.36803915131289,56.18868226539787,81.50935308376475,78.0,83.0
23.0,31.7,27.8,26.4,27.3,32.8,22.4,7.7,96.25,30.0,1012.6,78.7714097131626,50.74489467682467,64.98990078355195,68.0,67.0
27.7,34.4,30.0,30,29.9,35.2,27.4,5.9,73.75,25.0,1011.9,82.4176759795515,56.344879056524654,74.37439491091294,74.0,75.0
26.5,33.4,29.7,29.0,29.9,34.7,26.4,7.5,93.75,17.0,1009.1,84.98182659422248,57.75148307394355,72.88497568801165,75.0,73.0
27.6,33.0,30.6,29.7,29.7,33.4,26.8,5.4,67.5,5.0,1014.1,86.08433224972319,60.26014815147468,70.13680564800549,76.0,76.0
26.6,33.4,30.8,29.4,29.5,34.5,26.5,6.8,85.0,09,1009.1,85.778016219296,61.6862891896572,72.17859456011107,76.0,77.0
27.0,33.3,30.3,29.4,29.6,34.1,26.8,6.4,80.0,14.0,1009.7,88.18775397121046,59.914043977974416,71.25177978558011,77.0,76.0
26.4,34.0,27.6,28.6,28.5,34.2,25.4,6.9,86.25,20.0,1009.5,93.53442062998896,58.75903264342234,89.0972680703221,84.0,84.0
28.0,35.4,28.7,30.0,29.4,35.9,25.7,4.9,61.25000000000001,23.0,1010.2,80.35841436359924,50.41621066608246,77.82959207446787,72.0,77.0
29.4,34.6,31.6,31.3,31.4,36.0,27.8,8.0,100.0,18.0,1009.0,74.06087993978659,49.71422681563184,70.08599291687322,67.0,68.0
25.4,33.0,29.0,28.2,27.5,33.2,23.8,5.6,70.0,5.0,1011.7,90.95705306620108,60.26014815147468,80.76528192707865,81.0,83.0
29.0,36.8,32.0,31.7,31.4,37.0,27.2,8.0,100.0,23.0,1011.7,71.14918418862082,40.334063688849625,65.42092889006355,62.0,66.0
27.4,32.8,31.0,29.7,29.8,33.9,26.3,5.2,65.0,13.0,1007.7,79.37589576567252,61.259915381739496,72.28724043114948,73.0,75.0
27.2,33.3,29.2,29.2,29.2,34.2,26.0,6.6,82.5,15.0,1011.0,84.46076283297424,55.46650568629761,80.84415378724536,76.0,76.0
27.7,34.5,30.4,30.1,30.1,35.0,27.0,7.5,93.75,2.0,1009.2,75.93231899349215,44.12137757755559,71.95797343114366,67.0,72.0
27.2,34.2,27.0,28.9,28.3,34.8,25.2,7.2,90.0,3.0,1012.0,82.96873755837069,58.906661385999406,81.40652141466063,77.0,79.0
27.6,33.6,29.8,29.7,29.1,34.4,25.4,7.6,95.0,21.0,1007.0,82.37990451903919,58.459408741925415,79.6947592063912,76.0,78.0
27.1,31.1,29.5,28.7,29.0,32.4,26.8,3.9,48.75,30.0,1011.2,88.21344227467063,69.16491810310845,77.50580158753323,81.0,80.0
27.0,34.4,25.5,28.5,28.4,35.0,25.3,6.7,83.75,22.0,1012.3,90.49829607025424,56.8824599823478,94.2166641327712,83.0,84.0
27.0,33.8,28.2,29,28.6,35.6,25.4,7.2,90.0,10.0,1011.2,82.89424882832314,57.50855219730007,83.32959508253533,77.0,82.0
26.8,33.6,31.2,29.6,30.5,34.5,26.8,7.7,96.25,5.0,1011.9,84.32426114176714,55.16714821637591,64.88419654410463,72.0,70.0
28.2,33.9,29.8,30.0,29.6,34.1,27.2,5.6,70.0,26.0,1011.2,87.00003527018885,61.4690172122218,71.61848531643072,77.0,79.0
27.0,33.6,30.8,29.6,29.6,34.0,25.6,5.8,72.5,20.0,1008.8,77.00778336097474,54.08583815717436,70.89337455571672,70.0,71.0
28.8,33.4,31.0,30.5,29.9,35.4,26.1,7.8,97.5,8.0,1011.9,82.82036312454434,59.987441637683794,64.7465863283378,73.0,73.0
26.5,32.2,31.0,29.1,29.7,33.5,26.2,5.2,65.0,02,1007.1,84.21995597919079,65.55177739032987,71.00714699271731,76.0,77.0
26.2,33.6,30.4,29.1,29.2,34.4,24.8,7.4,92.5,20,1011.7,84.11395800824295,45.208431853281255,69.37621410439922,71.0,67.0
27.0,34.0,30.8,29.7,30.3,35.0,26.6,7.4,92.5,24.0,1011.6,85.90249604768772,62.10028294232009,76.09184049428556,77.0,76.0
29.2,36.1,31.6,31.5,30.8,36.4,26.2,8.0,100.0,19.0,1010.6,78.05768284876574,52.50444790737827,70.08599291687322,70.0,70.0
25.7,31.5,28.4,27.8,28.2,32.2,25.4,1.5,18.75,22,1010.7,91.01860327701102,69.40288984888305,77.68986333665214,82.0,82.0
27.5,33.4,30.6,29.8,30.2,33.8,27.2,7.8,97.5,24.0,1012.3,86.05442464121225,60.5516255454604,68.22602122405351,75.0,74.0
27.8,34.5,29.1,29.8,29.4,35.7,26.7,7.3,91.25,10.0,1010.3,86.14367824732606,55.35517600506409,80.10288209331219,77.0,77.0
25.9,34.4,28.4,28.7,28.9,34.6,25.8,6.1,76.25,21.0,1008.8,94.26872644264328,59.05286055957944,80.52370980548106,82.0,79.0
26.8,32.5,29.2,28.8,28.9,33.5,26.5,2.2,27.500000000000004,15.0,1010.2,93.59105402055944,66.34344658271733,80.84415378724536,84.0,83.0
27.3,33.4,29.5,29.4,29.6,33.8,26.4,7.7,96.25,6.0,1013.1,83.00568613642008,58.865324783120585,77.50580158753323,76.0,73.0
26.3,32.8,30.0,28.9,29.0,33.4,26.3,5.3,66.25,4.0,1011.2,87.5318087351986,56.50240656519884,74.92484431217771,77.0,81.0
26.3,31.7,28.4,28.2,28.5,32.6,25.8,2.3,28.75,21.0,1010.0,94.31968328769726,69.52009480941327,81.95632530464322,85.0,83.0
28.9,36.3,31.6,31.4,31.2,36.8,27.2,7.2,90.0,20.0,1011.2,75.84544786942958,34.08649781184636,63.94518647294017,62.0,64.0
26.2,31.8,29.5,28.4,28.6,33.0,25.5,2.2,27.500000000000004,4.0,1008.7,86.4234912104948,62.88699987233136,74.78721885027767,78.0,78.0
29.4,37.0,31.8,31.9,31.3,37.6,26.8,6.9,86.25,2.0,1009.5,78.14728097822254,46.012711050690655,71.45096050379374,68.0,69.0
28.6,34.9,31.3,30.9,30.5,35.5,26.3,8.0,100.0,26.0,1011.3,79.33107173718355,51.077154610636434,66.26927565662353,69.0,69.0
23.9,32.6,29.0,27.4,28.2,33.7,23.4,7.8,97.5,28.0,1012.3,85.67884783076248,52.67730743028695,65.22251690366721,72.0,68.0
28.0,34.6,30.2,30.2,30.0,36.0,26.0,7.8,97.5,24.0,1011.3,83.25893254604202,51.251253150570776,74.4767753217699,73.0,75.0
27.2,33.2,29.6,29.3,29.1,33.6,26.1,5.7,71.25,4.0,1011.8,87.47779542494723,58.153830434677324,78.2359623324487,78.0,78.0
23.5,33.2,28.4,27.2,28.3,33.9,23.5,7.8,97.5,23.0,1012.2,84.71583174091886,47.374401881423154,66.097573900358,71.0,66.0
24.2,33.2,28.9,27.6,28.5,34.0,24.2,7.8,97.5,27.0,1013.1,84.9718076299687,53.746844070894426,69.75240194119822,73.0,70.0
28.6,33.9,29.1,30.1,29.7,34.5,27.5,5.3,66.25,5.0,1010.6,87.1082615780549,61.4690172122218,80.10288209331219,79.0,80.0
26.4,34.5,31.0,29.6,30.2,34.7,26.2,7.6,95.0,28.0,1010.0,86.48394160482556,59.12543002576727,71.00714699271731,76.0,74.0
26.7,28.6,27.7,27.4,27.3,29.5,26.1,0.0,0.0,24.0,1010.3,86.57341089690401,72.94361429330226,78.07046248246625,81.0,83.0
27.0,32.9,29.0,29.0,29.1,33.8,25.8,4.1,51.24999999999999,26.0,1010.3,85.14630520572123,59.61679880179691,78.66282587882573,77.0,78.0
26.1,34.5,24.0,27.7,27.0,34.7,23.2,6.2,77.5,4.0,1011.5,91.09913483524412,55.887802474274665,91.49030389721446,82.0,84.0
27.3,34.4,26.6,28.9,28.7,35.1,25.5,6.7,83.75,25.0,1010.2,85.24291194509685,57.42204000720356,90.41467422295304,80.0,83.0
26.9,34.6,31.4,30.0,30.2,35.1,25.7,7.4,92.5,14.0,1010.4,74.07088206254878,46.69064902151492,59.62302862646111,64.0,66.0
26.4,32.2,26.0,27.8,26.8,32.8,24.0,3.0,37.5,13.0,1008.8,85.71477167459545,66.75659575673471,93.47656840107815,83.0,87.0
26.2,36.5,30.8,29.9,30.5,36.6,25.5,8.0,100.0,18.0,1011.1,75.1229049149635,37.35767996171438,65.8462913116989,63.0,65.0
22.8,31.7,29.6,26.7,28.0,33.1,22.6,7.6,95.0,27.0,1011.7,77.85024070029178,50.74489467682467,58.14110205602988,66.0,68.0
28.2,34.6,31.0,30.5,30.5,35.0,27.0,7.8,97.5,22.0,1010.5,87.74228204283912,64.3696073986285,76.79791388386155,79.0,77.0
28.0,35.3,31.6,30.7,30.4,35.9,26.9,8.0,100.0,26.0,1011.4,73.98548033588851,45.39163059022126,57.44652454084852,63.0,66.0
26.6,33.1,28.6,28.7,28.2,33.3,24.9,2.8,35.0,19.0,1012.6,87.31227976924256,62.62429214118848,77.08425915734786,79.0,79.0
28.1,33.7,26.5,29.1,28.6,33.9,25.1,5.2,65.0,7.0,1012.1,83.29435615193387,61.32960190958715,87.28417611042134,79.0,81.0
27.1,34.0,29.6,29.5,30.0,34.5,26.3,7.8,97.5,15.0,1008.9,85.1786783801742,57.66172885440567,74.16646198878509,76.0,74.0
29.1,34.7,30.6,30.9,30.6,34.9,27.3,5.8,72.5,22.0,1008.0,80.10288209331219,56.57634205522498,72.71762768184982,72.0,73.0
26.8,32.6,29.4,28.9,28.9,34.2,26.8,2.2,27.500000000000004,11.0,1011.4,88.90671270734428,68.81529546053646,82.32515268287189,82.0,83.0
27.3,34.9,28.9,29.6,29.4,35.1,26.7,6.8,85.0,3.0,1010.3,89.79189540572759,58.332852018674544,82.85584221511589,80.0,81.0
26.3,33.0,27.2,28.2,28.5,34.2,26.0,6.2,77.5,8.0,1010.7,91.13875649334798,63.1343532920419,87.47779542494723,83.0,83.0
26.7,34.4,29.7,29.4,29.8,34.5,25.9,6.8,85.0,8.0,1013.4,75.77560302168101,44.71162281960186,56.51346693914307,63.0,65.0
25.5,32.6,29.2,28.2,28.6,33.2,24.8,7.4,92.5,6.0,1011.0,83.0831910850748,52.13113885069303,67.31253681304905,71.0,70.0
26.1,33.0,30.8,29,29.2,34.5,25.5,7.8,97.5,8.0,1011.2,91.83872886818205,59.86451267378844,84.52793457568407,82.0,82.0
28.1,34.2,30.4,30.2,29.5,34.2,25.6,7.7,96.25,23.0,1010.5,81.84189481773382,54.58191106790065,73.26320590951248,73.0,74.0
27.6,32.4,28.6,29.1,29.0,34.0,26.0,5.4,67.5,20.0,1011.4,87.58525622462767,69.30875902196618,77.08425915734786,80.0,80.0
27.6,36.0,31.2,30.6,31.1,37.2,27.4,8.0,100.0,23.0,1013.2,84.59440032172179,38.61125890392525,68.59788022240552,69.0,68.0
25.1,33.0,28.8,28.0,28.6,33.2,24.7,6.8,85.0,7.0,1011.2,90.89449208239,52.48897953757973,73.05659247033218,77.0,75.0
27.0,31.6,29.8,28.9,29.2,33.1,25.7,6.4,80.0,24.0,1008.5,82.14902873319195,69.46163905251812,64.52176137163185,75.0,75.0
24.0,33.3,29.0,27.6,28.5,33.5,23.4,7.6,95.0,25.0,1013.9,83.28131187370711,46.954597659220674,67.83262095096802,70.0,70.0
27.9,35.2,26.5,29.4,28.9,36.5,26.0,7.3,91.25,16.0,1011.9,83.95670967646487,52.27395548951964,91.96530451236556,78.0,80.0
27.8,33.5,29.9,29.8,30.0,35.7,27.1,5.1,63.74999999999999,29.0,1011.9,76.69257023057095,54.54240568226953,72.9944289492978,70.0,73.0
27.6,31.4,29.0,28.9,28.9,33.0,25.5,3.5,43.75,14.0,1011.9,83.11536527376117,69.97066069376442,79.36106316073894,79.0,80.0
26.5,33.5,26.6,28.3,27.9,33.8,25.1,3.2,40.0,8.0,1008.2,88.83314673487679,62.32556263403863,85.778016219296,81.0,83.0
26.1,33.1,30.2,28.9,29.4,34.0,25.2,7.9,98.75,22,1011.9,81.03081695581584,52.57732110836596,67.97172153416031,71.0,69.0
26.0,29.9,25.0,26.7,26.2,30.4,24.8,0.0,0.0,30.0,1007.9,91.8753792283236,74.99068374356101,94.97659331039516,88.0,89.0
27.0,33.0,30.3,29.3,28.4,33.4,24.8,7.6,95.0,16,1010.2,85.90249604768772,62.555244415838985,70.60383825737726,76.0,80.0
26.2,26.6,26.0,26.3,26.3,30.4,25.0,7.9,98.75,7.0,1009.5,88.75839269262727,91.98300349779372,88.70788403829688,90.0,88.0
27.8,33.0,30.0,29.7,30.2,34.0,27.4,6.8,85.0,27.0,1011.0,87.63814578254772,64.88463066854185,79.77607128619746,80.0,78.0
25.6,31.0,26.7,27.2,27.3,32.5,25.0,1.8,22.5,7.0,1011.5,86.23817780941161,61.70163184755162,79.0570440643724,78.0,76.0
26.8,32.9,31.1,29.4,29.9,34.3,26.2,6.1,76.25,9.0,1010.2,88.90671270734428,62.4858548845192,75.57678304142743,79.0,77.0
28.0,35.4,30.9,30.6,30.7,35.6,26.9,8.0,100.0,7.0,1012.2,81.80335062722672,39.34387374316334,73.52523391972747,69.0,72.0
27.3,34.4,30.1,29.8,29.6,34.9,25.6,8.0,100.0,17.0,1011.7,72.88299093509505,47.50369662858105,65.36626963205624,65.0,65.0
26.6,34.0,30.1,29.3,29.4,34.6,25.5,6.2,77.5,2.0,1010.8,90.41467422295304,58.75903264342234,81.1892476713971,80.0,76.0
25.0,32.5,28.0,27.6,28.0,33.2,23.6,7.6,95.0,16.0,1013.9,82.10352798927163,53.68830622338989,71.90722917305295,72.0,71.0
27.1,30.8,29.4,28.6,28.2,30.8,24.8,0.4,5.0,6.0,1009.7,76.33597429865063,67.09415414409466,68.75058352877465,72.0,71.0
29.3,36.7,31.4,31.7,31.5,36.8,27.2,7.7,96.25,18.0,1011.5,75.3626195331052,38.00945218476635,62.59952906855026,63.0,63.0
27.5,36.0,31.2,30.6,30.6,36.4,26.2,8.0,100.0,14.0,1010.4,79.42048225172886,42.275339855331865,60.058413323373536,65.0,65.0
27.4,34.4,30.4,29.9,29.9,35.4,25.8,8.0,100.0,15.0,1011.6,75.77560302168101,47.50369662858105,64.32522391322146,66.0,66.0
27.2,33.0,29.0,29.1,29.1,33.6,25.0,7.6,95.0,22.0,1010.1,82.96873755837069,53.57479529624079,72.49286059719672,73.0,73.0
27.5,34.3,30.6,30.0,30.3,35.4,27.0,7.2,90.0,10.0,1011.6,83.07899862850904,58.97993847082304,70.77844325470129,74.0,73.0
24.8,34.0,29.2,28.2,28.2,34.4,22.5,7.6,95.0,27.0,1012.8,82.01960356658368,50.20373482346915,64.72300112663578,70.0,67.0
27.4,30.3,28.6,28.4,28.1,33.4,24.1,3.6,45.0,28.0,1010.4,86.02435915620528,79.21664561116498,82.03162445547987,83.0,84.0
27.6,34.9,30.9,30.3,30.6,35.2,27.4,7.8,97.5,14.0,1012.0,81.6471325928847,52.53771650760709,71.59054359589855,72.0,73.0
26.9,35.0,25.0,28.5,28.1,35.2,25.0,7.3,91.25,6.0,1009.5,82.10982816801659,56.27470631923887,91.688099268805,78.0,82.0
25.0,33.8,30.2,28.5,29.5,34.0,25.0,7.3,91.25,22.0,1011.9,88.44697559975077,53.18351953493441,70.54503961313797,75.0,75.0
24.2,33.2,27.9,27.4,27.6,35.2,24.2,7.5,93.75,10.0,1013.2,80.17445194677519,46.85587014912887,75.33097063665282,71.0,73.0
27.0,33.4,25.6,28.3,27.9,34.0,25.0,5.6,70.0,6.0,1010.2,87.42320827831851,56.64584557037473,91.80168143581014,81.0,82.0
26.8,31.8,26.4,28.0,26.9,32.1,25.0,0.3,3.75,16.0,1007.9,88.13596701456069,67.72628345631995,93.53442062998896,84.0,88.0
27.9,34.6,30.2,30.2,30.3,35.0,26.2,7.1,88.75,6.0,1012.3,83.22332296781994,54.904604358185296,74.4767753217699,74.0,73.0
26.8,31.9,28.6,28.5,27.9,32.1,25.5,4.4,55.00000000000001,19,1010.0,84.32426114176714,61.77264009201249,75.69392615731566,77.0,77.0
27.0,34.5,30.1,29.7,30.0,35.3,26.6,6.8,85.0,22.0,1010.1,88.95510898878537,56.95900252614005,75.0908627897592,77.0,76.0
26.1,33.8,28.4,28.6,28.6,34.4,25.6,4.2,52.5,14.0,1011.3,89.51897197431921,56.41527663544903,74.8972604533881,78.0,79.0
27.8,33.4,30.4,29.9,30.1,34.0,27.0,7.7,96.25,14.0,1011.6,92.60809872563908,61.6862891896572,79.65379147740663,82.0,81.0
27.5,34.4,30.2,29.9,30.2,34.9,26.8,8.0,100.0,9.0,1012.8,77.25721894901166,48.51531484538653,66.69916687023925,67.0,66.0
27.6,35.1,30.7,30.3,30.3,35.9,27.0,6.7,83.75,5.0,1010.9,71.6641669013732,40.89196319674407,63.92030827433247,62.0,63.0
27.0,32.9,29.8,29.2,29.5,33.4,27.0,4.3,53.75,3.0,1010.5,90.49829607025424,59.61679880179691,78.3237395212866,80.0,79.0
27.5,34.0,30.6,29.9,29.7,35.0,26.2,4.9,61.25000000000001,22.0,1010.2,87.55860271150058,58.75903264342234,70.77844325470129,76.0,74.0
24.5,33.4,30.0,28.1,28.8,34.4,24.4,7.9,98.75,24.0,1011.8,87.4985649581249,51.238271843139614,64.03700658681637,73.0,68.0
27.6,33.2,28.8,29.3,29.0,35.3,25.0,4.5,56.25,19.0,1009.8,87.58525622462767,63.84898550459189,79.9792315683067,80.0,82.0
26.1,34.5,29.4,29.0,29.3,36.0,25.4,6.9,86.25,20.0,1011.6,81.03081695581584,49.62453269193971,72.71866605592312,71.0,71.0
25.6,34.0,29.5,28.7,29.1,34.5,24.8,7.8,97.5,18.0,1010.7,83.12188682620223,46.111396715117934,64.3033463157937,69.0,68.0
26.9,33.1,30.0,29.2,29.3,33.6,26.4,7.4,92.5,1.0,1010.3,85.11375948893904,62.62429214118848,77.05525422069958,77.0,81.0
28.3,32.7,29.4,29.7,29.3,33.2,25.8,7.2,90.0,3.0,1012.0,80.48270970305933,62.34604109200003,74.06087993978659,74.0,75.0
25.5,33.6,26.4,27.8,27.8,33.8,25.2,5.7,71.25,17,1009.8,94.2166641327712,60.695224712300856,82.66594833556785,83.0,80.0
26.7,28.0,27.4,27.2,27.2,32.0,25.4,1.2,15.0,10.0,1007.5,92.00060869098458,89.94329909209476,86.02435915620528,90.0,88.0
28.6,35.0,30.5,30.7,30.1,35.3,26.4,6.8,85.0,14.0,1011.8,80.605071488962,57.336202449241135,74.62840402999113,73.0,74.0
26.4,33.1,29.2,28.8,28.3,33.3,25.8,4.2,52.5,08,1007.7,91.94751106939376,61.47468131846462,78.05768284876574,81.0,81.0
24.4,33.7,28.4,27.7,27.9,34.3,22.6,7.7,96.25,17.0,1013.5,81.84893986781255,44.80489600021136,64.12514674266251,68.0,66.0
24.0,32.0,28.6,27.2,27.6,34.2,23.8,7.9,98.75,19.0,1014.2,78.49475984474643,46.162296406208405,69.56173387108312,68.0,67.0
25.9,34.2,29.2,28.8,28.7,34.3,23.4,7.8,97.5,24.0,1012.8,83.23671719422398,47.31442463868271,61.53854195734709,69.0,69.0
27.1,28.9,29.0,28,28.6,32.6,25.8,3.2,40.0,17.0,1011.2,93.6737927415553,83.8535266100856,80.06187811825272,88.0,84.0
26.8,32.0,29.1,28.7,29.4,33.4,26.8,7.3,91.25,29,1012.1,87.36803915131289,65.42092889006355,79.40352982567806,80.0,78.0
27.9,34.8,29.7,30.1,29.8,35.0,26.8,6.7,83.75,11.0,1010.3,84.69279671462476,58.25971866606814,78.96560696950608,77.0,77.0
27.6,33.6,32.0,30.2,30.6,34.2,26.0,8.0,100.0,9.0,1011.6,79.46483286355564,53.54816481542692,63.62335391406888,69.0,68.0
26.4,34.0,30.1,29.2,29.1,34.3,25.0,7.9,98.75,12.0,1011.5,91.19740079519308,62.78951597391542,77.14674669916431,81.0,81.0
27.9,34.7,25.9,29.1,27.2,35.7,24.6,4.8,60.0,27.0,1011.5,80.31654583977061,56.57634205522498,91.05908580220677,77.0,84.0
26.5,33.2,29.0,28.8,29.0,33.6,25.6,8.0,100.0,21.0,1012.2,77.48628774223621,54.83644656412808,67.1765309537963,69.0,70.0
26.2,31.2,27.8,27.9,27.5,32.2,24.8,2.8,35.0,29.0,1008.1,85.65084461599145,62.453593355798965,75.98400493412176,77.0,78.0
27.4,33.4,30.0,29.6,29.1,34.2,25.0,5.2,65.0,4.0,1010.0,77.20786278348179,52.83970951068226,66.56477616942993,68.0,71.0
25.6,31.3,27.0,27.4,27.0,31.7,25.1,1.8,22.5,23.0,1009.8,87.02432997894202,69.91255905885305,85.90249604768772,82.0,84.0
27.5,33.6,29.6,29.6,29.4,34.0,26.4,3.5,43.75,14.0,1011.1,87.55860271150058,62.96448376775169,79.61261403540507,79.0,79.0
23.7,32.7,28.5,27.2,28.6,33.0,23.5,6.9,86.25,3.0,1010.9,83.15970146329512,56.07922840877616,76.33826502408279,75.0,72.0
27.2,35.4,31.0,30.2,30.1,35.7,26.4,7.3,91.25,13.0,1011.0,78.55748273856196,50.41621066608246,69.73648804147354,69.0,70.0
26.9,34.1,29.6,29.4,29.6,34.3,25.8,4.8,60.0,30.0,1010.3,81.36566724985619,50.812775414337295,72.16518276949283,71.0,70.0
23.5,33.7,28.4,27.3,27.9,34.0,22.4,7.7,96.25,17.0,1013.6,82.26265693051702,45.81521404427532,68.09153082700125,70.0,67.0
25.1,34.0,30.1,28.6,29.2,34.4,24.4,8.0,100.0,24.0,1012.4,84.49698904858309,39.23110062067957,64.73679686609918,68.0,67.0
26.2,32.8,27.8,28.3,28.1,34.2,25.1,6.0,75.0,16.0,1010.1,82.58819822995022,57.84213438504526,83.92249584974884,77.0,78.0
27.2,32.3,26.3,28.3,28.3,35.9,26.0,2.9,36.25,12.0,1010.0,84.46076283297424,59.73592378710582,87.22751553919653,79.0,81.0
26.7,28.9,27.5,27.5,28.1,33.7,25.5,2.4,30.0,25.0,1009.0,87.34023376449602,77.92153862588795,83.07899862850904,84.0,82.0
26.6,33.4,29.4,29,28.2,33.6,24.7,4.3,53.75,1.0,1011.2,87.31227976924256,61.6862891896572,79.5296241834943,79.0,83.0
26.2,31.0,28.6,28,28.5,31.4,25.8,0.4,5.0,1.0,1012.8,91.91163812288512,72.28724043114948,86.37496390187695,86.0,84.0
26.8,29.5,29.6,28.2,28.6,31.8,25.5,2.2,27.500000000000004,20.0,1013.2,88.90671270734428,75.46311333808092,77.55144210167857,83.0,80.0
29.2,33.0,29.4,30.2,29.6,33.6,26.6,1.2,15.0,8.0,1009.6,78.05768284876574,64.88463066854185,76.77510078007835,74.0,78.0
26.0,33.8,24.6,27.6,27.5,34.0,24.5,5.1,63.74999999999999,26.0,1009.2,87.14137533712541,53.18351953493441,94.92967791935156,81.0,82.0
25.8,34.2,29.8,28.9,29.5,34.5,25.6,7.7,96.25,3.0,1012.6,82.43015182694727,51.42133216386652,65.79092411320583,71.0,70.0
27.2,34.0,29.6,29.5,29.5,35.4,25.4,8.0,100.0,18.0,1011.3,81.48757884906844,43.61382825094211,68.87830926054941,69.0,69.0
25.8,31.2,26.5,27.3,27.0,31.6,25.1,3.7,46.25,04,1010.7,90.24198092503607,64.2731910188947,89.6118904223609,84.0,86.0
26.8,30.4,27.1,27.8,27.8,32.5,26.0,2.6,32.5,07,1009.3,87.36803915131289,75.23922944922116,87.45057408714351,84.0,86.0
26.9,34.5,30.4,29.7,29.7,34.8,24.8,8.0,100.0,30.0,1011.1,79.14936636663771,50.13593691208289,65.57410812806509,69.0,70.0
26.7,32.7,29.0,28.8,28.7,33.1,25.8,5.6,70.0,02,1009.7,87.34023376449602,62.92847751674029,75.89543132864442,78.0,78.0
25.8,33.5,29.2,28.6,28.6,34.2,25.8,4.7,58.75,8.0,1010.8,82.43015182694727,54.00172038105071,76.67978016846965,74.0,75.0
26.6,32.6,29.8,28.9,28.5,33.0,25.4,7.1,88.75,13,1011.5,83.49751167822245,60.53782991276427,75.6119273332423,76.0,81.0
27.0,33.6,29.6,29.3,29.7,34.4,26.5,6.5,81.25,10.0,1012.7,75.56270575233306,48.7970208456448,68.87830926054941,67.0,67.0
26.2,32.8,29.0,28.6,28.9,34.2,26.0,7.4,92.5,20.0,1011.7,79.56966890734832,52.310960186237786,67.1765309537963,70.0,67.0
28.2,31.6,29.8,29.5,29.7,35.5,26.6,5.1,63.74999999999999,28.0,1011.3,81.88023772703265,65.15526697380032,74.27096201770802,76.0,75.0
26.4,32.6,29.6,28.8,29.2,33.0,25.0,8.0,100.0,19.0,1012.0,85.71477167459545,55.43834509061784,71.50297705927564,75.0,69.0
26.0,32.8,30.0,28.7,29.3,34.0,25.6,6.7,83.75,13.0,1012.5,88.70788403829688,52.85498910810516,70.4265344152407,75.0,74.0
29.2,35.4,32.0,31.5,31.2,35.8,27.0,7.6,95.0,9.0,1012.5,71.26834341854764,47.436806688605095,66.02456491260962,64.0,65.0
27.8,34.9,31.2,30.4,30.7,35.2,26.9,7.0,87.5,6.0,1012.4,84.66016992712476,57.261489336940926,72.39479665599225,75.0,73.0
23.3,33.1,28.8,27.1,28.2,33.6,23.1,7.6,95.0,21.0,1011.7,79.7360877344787,53.66103474209118,69.02303570610684,71.0,70.0
28.3,33.0,29.4,29.8,29.3,33.8,24.8,8.0,100.0,22.0,1013.7,74.15090679989427,42.05578154931947,66.1531503338077,64.0,66.0
25.6,33.4,29.7,28.6,29.3,33.9,25.6,7.3,91.25,13.0,1010.8,91.1584089418139,56.03095111211975,76.42855265880787,79.0,80.0
27.9,35.4,31.4,30.7,30.6,35.8,26.2,8.0,100.0,24.0,1011.5,76.7424385753937,34.36874411463577,52.13400145298033,60.0,62.0
26.8,29.6,26.3,27.4,27.6,32.1,26.0,2.8,35.0,10,1008.8,88.90671270734428,74.83847792004364,94.31968328769726,87.0,87.0
28.2,34.2,30.8,30.4,30.8,35.4,27.5,7.8,97.5,12.0,1010.6,90.73885881058732,60.00806396828583,74.77774481051071,79.0,75.0
24.0,32.3,28.5,27.2,28.0,32.8,23.3,7.6,95.0,2.0,1010.8,84.08905817627432,49.140690093601776,71.52359698659109,72.0,69.0
23.2,33.6,28.5,27.1,28.2,33.9,23.1,7.8,97.5,25.0,1014.7,81.31342480038994,46.735177017139215,65.51097469527274,69.0,68.0
24.2,33.9,30.0,28.1,29.1,33.9,23.7,7.6,95.0,27.0,1010.9,81.76217323890577,45.50903043940914,67.8426000449919,69.0,67.0
29.4,35.7,30.2,31.2,30.5,36.2,27.0,6.7,83.75,19.0,1009.1,78.14728097822254,51.67501603515935,79.85656168484945,72.0,73.0
26.2,34.7,25.2,28.1,28.4,34.7,25.2,4.9,61.25000000000001,9.0,1011.2,88.75839269262727,57.64760479814498,91.72637247271513,82.0,84.0
26.4,33.2,29.4,28.9,28.7,33.4,24.3,6.9,86.25,12.0,1010.6,84.18481319440748,54.83644656412808,68.75058352877465,73.0,74.0
26.8,28.4,27.6,27.4,28.1,33.7,26.0,3.7,46.25,14.0,1011.9,88.90671270734428,81.95632530464322,83.8535266100856,86.0,85.0
27.0,34.0,30.0,29.5,29.7,34.7,25.8,8.0,100.0,16.0,1011.4,92.0528680911697,50.7237756149809,71.7328099909835,77.0,77.0
27.4,36.2,30.9,30.5,30.7,36.7,25.6,8.0,100.0,21.0,1011.5,78.6505836125575,37.92565192946233,58.03768868221163,63.0,62.0
26.7,34.4,29.0,29.2,29.3,35.0,26.2,6.6,82.5,12,1012.2,88.88232117273685,57.42204000720356,82.17990099313865,79.0,79.0
26.9,27.9,26.8,27.1,27.1,30.8,25.4,0.4,5.0,11.0,1009.1,87.39569697644116,84.69279671462476,88.90671270734428,87.0,88.0
24.5,32.8,28.8,27.7,28.1,33.4,23.6,7.5,93.75,28.0,1011.4,81.10243285675224,49.08822317968587,69.6891794958337,70.0,69.0
28.2,29.0,29.6,28.8,29.0,34.0,25.8,5.3,66.25,22.0,1012.5,84.7896593674728,81.47128580123523,78.2359623324487,82.0,80.0
27.1,34.6,24.8,28.4,28.6,35.2,24.1,6.7,83.75,12.0,1010.1,88.21344227467063,50.22468055873284,93.29534249409444,80.0,80.0
26.4,32.7,29.5,28.8,28.9,34.2,26.0,5.6,70.0,19.0,1009.3,87.25592172444505,61.18761377220371,81.6596810440698,79.0,80.0
28.8,36.2,30.6,31.1,30.7,36.6,27.0,7.1,88.75,29.0,1012.8,79.27546788372959,49.12624138134965,71.42245261383157,70.0,70.0
26.4,34.2,30.0,29.3,29.5,34.5,25.9,5.9,73.75,13.0,1010.2,87.25592172444505,57.81341404547635,74.37439491091294,77.0,75.0
26.1,35.7,30.4,29.6,29.4,35.8,23.6,8.0,100.0,4.0,1013.7,80.27583348650694,35.59815038063554,59.41998385053245,64.0,62.0
26.7,33.8,30.0,29.3,29.1,34.0,25.6,3.2,40.0,7.0,1009.9,85.80938555747959,60.837423012060285,74.37439491091294,77.0,78.0
29.1,34.0,29.9,30.5,29.6,34.0,25.4,7.7,96.25,5.0,1011.4,76.63174922929971,54.95378367655787,68.42130355000417,69.0,72.0
24.8,32.6,28.0,27.6,27.9,33.0,23.5,7.8,97.5,29.0,1014.3,81.2357234014678,49.43001038159359,67.81801577746856,70.0,69.0
27.0,32.2,25.4,27.9,27.8,33.4,24.0,2.9,36.25,30.0,1010.8,85.90249604768772,64.95270684844482,90.15280438641372,82.0,84.0
25.6,35.3,30.8,29.3,29.4,35.5,25.2,7.1,88.75,9.0,1011.7,82.34983109554197,46.85405054510704,67.09415414409466,70.0,70.0
26.7,32.6,30.0,29.0,29.1,33.4,25.4,5.0,62.5,18.0,1011.3,81.28330030681553,57.119441728229816,69.12982537493674,72.0,73.0
27.1,33.2,30.5,29.5,29.9,34.0,26.0,6.0,75.0,16.0,1011.4,88.21344227467063,59.27605227251609,70.0775999203136,76.0,76.0
26.2,33.4,27.5,28.3,28.4,33.8,25.5,5.7,71.25,5.0,1011.2,87.19895647395388,62.82940745134301,84.5612550786187,80.0,82.0
25.6,33.6,28.0,28.2,28.3,34.2,25.2,3.2,40.0,1.0,1010.8,95.04508007848057,59.573172078111504,78.92403142117561,82.0,83.0
24.4,32.6,28.0,27.4,27.8,33.0,23.4,7.6,95.0,11.0,1012.5,85.04312374043269,49.966303010860926,74.68328869991248,74.0,72.0
27.0,34.1,30.8,29.7,30.1,35.8,26.0,6.5,81.25,8.0,1009.5,81.40652141466063,55.034850240172354,63.37790277113403,70.0,70.0
26.0,33.9,29.4,28.8,29.6,34.1,25.8,8.0,100.0,16.0,1012.6,76.27250696662372,44.29131799345029,61.389030085749205,65.0,66.0
26.0,31.5,25.4,27.2,26.7,32.5,25.0,1.0,12.5,20,1010.6,85.5862252803843,66.30946985698381,91.76423123386564,82.0,86.0
27.7,34.4,30.7,30.1,30.7,34.6,27.5,7.5,93.75,26.0,1010.4,91.27415277620892,56.80415127415772,77.19214547637796,79.0,77.0
27.0,35.6,31.6,30.3,30.5,36.2,26.2,8.0,100.0,24.0,1012.9,82.10982816801659,43.565448725723535,64.32522391322146,68.0,67.0
27.0,31.0,29.2,28.6,29.1,33.2,25.6,3.4,42.5,2.0,1012.4,79.92959762455779,67.223150346921,78.05768284876574,76.0,76.0
29.3,34.4,29.9,30.7,30.1,35.1,27.2,7.1,88.75,18.0,1011.7,78.11747850561429,55.887802474274665,72.93984299242373,71.0,72.0
27.2,30.2,28.0,28.2,27.6,31.0,24.6,3.0,37.5,06,1009.5,81.48757884906844,67.97172153416031,80.35841436359924,78.0,82.0
27.2,35.6,29.8,30.0,29.8,36.0,24.8,8.0,100.0,3.0,1013.9,79.2860084847513,44.2375425475462,66.42898956944073,67.0,66.0
26.0,33.4,29.1,28.6,29.5,34.4,25.8,7.6,95.0,17.0,1011.2,90.28585167216605,49.6543586479227,73.90044493990666,76.0,74.0
27.5,33.6,30.7,29.8,29.6,33.8,25.3,5.5,68.75,16.0,1012.0,84.5612550786187,57.90561339488758,65.15700618736356,73.0,72.0
27.7,34.0,30.4,30.0,29.9,34.5,26.6,7.1,88.75,8.0,1013.0,83.8881019169581,58.209363090969305,74.57811767655987,75.0,75.0
27.8,34.5,30.9,30.3,30.7,35.4,26.8,8.0,100.0,23.0,1008.3,85.4005601201053,53.24429656594736,71.59054359589855,74.0,71.0
24.5,33.9,28.8,27.9,28.7,35.7,23.8,7.5,93.75,17.0,1012.5,81.89196189704953,51.15727954278812,69.6891794958337,71.0,68.0
26.0,33.1,29.4,28.6,28.3,33.4,25.0,6.1,76.25,6.0,1010.4,91.07916412062112,62.62429214118848,68.75058352877465,78.0,81.0
26.4,32.0,24.8,27.4,26.5,32.8,24.8,2.7,33.75,29.0,1009.2,89.58884694072967,66.63043910631737,93.29534249409444,85.0,88.0
24.4,32.6,30.1,27.9,29.1,34.0,24.4,7.8,97.5,29.0,1012.8,84.24028466547003,48.89566707418056,65.9980489099159,71.0,69.0
28.6,37.2,31.8,31.6,30.7,37.4,26.5,8.0,100.0,3.0,1009.4,77.78325870166977,48.065857628461984,67.72628345631995,68.0,71.0
24.3,33.1,28.6,27.6,28.0,33.6,22.8,7.8,97.5,25.0,1012.9,85.00756484529377,50.96658013861578,70.90709427485386,73.0,70.0
28.0,32.3,29.2,29.4,29.2,33.8,25.8,5.1,63.74999999999999,28.0,1012.2,84.72525309285922,65.0188026263269,79.44577787810705,78.0,81.0
27.0,33.6,30.3,29.5,30.0,33.8,26.6,5.4,67.5,25.0,1010.5,79.81134216844922,62.96448376775169,85.2816390306422,77.0,79.0
23.0,32.2,28.1,26.6,27.6,32.7,22.2,7.7,96.25,9.0,1014.2,83.69579960742227,49.58385577867402,65.87982436112256,71.0,68.0
26.0,32.8,30.2,28.8,28.7,33.0,25.4,7.8,97.5,15.0,1013.7,93.47656840107815,60.11223095615607,73.15651806356883,80.0,80.0
26.6,33.2,27.6,28.5,27.9,33.3,24.8,2.9,36.25,29.0,1007.9,91.98300349779372,60.40660647014445,92.15494197350306,84.0,84.0
25.8,33.6,29.2,28.6,29.0,35.0,24.8,7.7,96.25,31.0,1011.9,87.86856847981741,53.54816481542692,75.31198191091583,76.0,72.0
26.8,31.8,29.4,28.7,29.0,32.2,26.2,2.4,30.0,12.0,1013.3,93.59105402055944,71.45096050379374,78.14728097822254,84.0,81.0
25.3,33.2,28.8,28.2,28.1,33.7,24.8,4.4,55.00000000000001,14.0,1010.2,92.55734073449952,54.29064351526009,81.3945593906994,80.0,80.0
27.4,34.0,30.4,29.8,30.2,34.8,27.2,7.8,97.5,11.0,1009.9,84.52793457568407,57.66172885440567,70.6623370407291,74.0,73.0
28.9,34.4,30.2,30.6,30.2,35.6,26.4,7.7,96.25,12.0,1009.3,76.53493744622767,51.59520977223355,69.25365182142251,68.0,68.0
27.3,34.3,29.9,29.7,29.2,34.4,26.7,5.6,70.0,23.0,1009.8,83.74869961305552,56.80554413635483,77.00915731185393,75.0,75.0
26.0,30.0,27.5,27.4,27.1,31.7,25.0,3.6,45.0,31.0,1009.6,86.362386718915,73.04873549906269,85.30646977407001,83.0,85.0
27.3,28.6,28.9,28.0,28.4,32.9,26.2,3.2,40.0,25.0,1009.1,85.24291194509685,72.262295922602,79.31837635889589,81.0,80.0
25.6,34.8,30.0,29.0,30.0,35.4,25.3,7.7,96.25,19.0,1012.1,80.050306608566,46.87994301078611,65.29627205866885,68.0,67.0
25.2,33.6,27.5,27.9,28.3,34.0,25.0,3.7,46.25,14.0,1013.5,85.32062433157787,59.573172078111504,85.30646977407001,79.0,80.0
25.8,34.4,29.6,28.9,29.4,34.9,25.5,7.5,93.75,1.0,1011.1,84.74401196939193,49.02391862181742,69.53087395956544,72.0,70.0
24.5,34.4,29.5,28.2,28.5,34.7,23.4,7.6,95.0,26.0,1013.0,83.47951680701334,45.50259196852184,64.94078524295679,69.0,70.0
27.2,34.6,30.2,29.8,30.3,35.1,27.0,7.8,97.5,2.0,1010.4,83.53397272966221,44.23013319099479,71.61848531643072,71.0,70.0
27.8,35.3,30.4,30.3,30.3,35.5,27.0,7.0,87.5,20.0,1013.5,83.18752610992924,51.84738572335591,77.23731472989643,74.0,74.0
28.0,34.2,27.0,29.3,28.7,34.8,25.2,6.5,81.25,26.0,1011.6,89.18958587593707,57.269826861737926,84.39287507978128,80.0,82.0
27.4,32.4,28.4,28.9,28.6,32.5,25.8,7.8,97.5,13.0,1013.1,75.77560302168101,58.663836396117,76.28845131967515,72.0,74.0
27.4,32.3,29.0,29.0,29.1,34.5,26.8,8.0,100.0,3.0,1008.7,88.28969796249643,63.829600890564045,75.20991612349528,79.0,77.0
25.0,33.2,29.5,28.2,28.9,34.3,25.0,7.0,87.5,11.0,1011.6,83.67229545386,49.46754285875575,62.40488021336071,70.0,69.0
27.0,32.0,29.6,28.9,28.8,34.6,25.0,4.7,58.75,8.0,1010.7,93.61892430048492,69.69372128248337,79.61261403540507,84.0,79.0
23.0,32.8,29.4,27.1,27.7,33.6,22.5,7.8,97.5,15.0,1012.9,78.7714097131626,45.416327811268495,56.13277808952828,65.0,62.0
27.8,33.0,29.9,29.6,29.7,34.0,26.2,6.9,86.25,14.0,1011.0,84.66016992712476,59.125275848298585,71.67579457852011,75.0,74.0
27.4,35.5,31.3,30.4,30.9,35.8,27.0,8.0,100.0,3.0,1011.8,80.10385787224588,35.81886191007521,63.73515249408919,65.0,64.0
26.8,33.9,30.1,29.4,29.8,34.4,26.5,7.8,97.5,27.0,1012.0,89.68028854656967,59.79221084257863,78.45373709731841,79.0,78.0
26.2,32.1,29.3,28.5,28.9,32.4,26.0,2.5,31.25,14.0,1011.8,94.30704600622748,66.69367462663814,80.88328634323312,84.0,83.0
26.2,34.7,29.8,29.2,29.7,36.0,25.2,7.7,96.25,31.0,1011.3,84.11395800824295,49.29584857979207,67.71213967567287,71.0,69.0
24.2,33.9,28.7,27.8,28.0,34.1,21.8,7.2,90.0,20.0,1012.7,81.76217323890577,50.1133072301607,64.3523110799224,69.0,69.0
26.6,32.2,29.5,28.7,28.1,32.6,25.4,0.6,7.5,1.0,1011.9,88.85779948974681,63.16873547331133,71.44477393192955,78.0,80.0
27.2,33.4,30.2,29.5,28.3,33.8,24.8,3.3,41.25,8.0,1010.3,86.71938446937911,62.82940745134301,79.85656168484945,79.0,82.0
28.4,31.6,27.8,29.1,28.4,33.2,25.6,1.1,13.750000000000002,18.0,1007.9,82.67659603243955,66.37430989575631,83.18752610992924,79.0,82.0
27.2,33.2,29.6,29.3,29.2,33.8,25.0,7.8,97.5,19.0,1012.2,87.47779542494723,54.83644656412808,74.16646198878509,76.0,72.0
27.4,27.6,29.0,27.9,28.5,33.8,26.4,3.2,40.0,16.0,1011.5,86.20240588236928,64.43020717936227,81.15168008817496,79.0,79.0
26.2,31.5,27.2,27.8,27.6,32.9,25.4,2.2,27.500000000000004,11.0,1008.0,91.91163812288512,63.87552906556411,89.76980912726532,84.0,86.0
26.2,34.3,29.0,28.9,28.6,35.0,24.6,7.4,92.5,9.0,1011.7,79.0570440643724,46.49947706009525,68.29285397847029,68.0,69.0
27.0,33.8,31.0,29.7,30.0,34.2,25.8,8.0,100.0,16,1012.1,86.66145969485348,57.50855219730007,68.47518262642079,75.0,74.0
27.5,33.2,30.2,29.6,29.0,33.6,25.0,2.2,27.500000000000004,25.0,1010.4,94.4662253507218,63.84898550459189,78.49663086623954,83.0,82.0
25.9,35.1,29.9,29.2,29.3,36.5,24.8,7.7,96.25,10.0,1010.6,81.70602339482996,47.65511707926201,74.32281093507183,71.0,71.0
28.1,26.0,27.2,27.4,27.3,32.4,24.8,4.5,56.25,24.0,1011.5,85.49318249652462,93.47656840107815,81.48757884906844,86.0,87.0
28.4,33.6,29.8,30.1,29.4,34.4,26.5,6.0,75.0,24.0,1010.7,83.8535266100856,54.79044968860701,59.70140029934184,71.0,70.0
26.1,33.2,29.5,28.7,29.1,33.8,24.6,7.6,95.0,24.0,1011.1,84.84703341260744,51.05759814049081,72.10836155171482,73.0,70.0
26.8,32.5,29.0,28.8,28.9,33.4,26.4,1.5,18.75,26.0,1008.9,88.90671270734428,62.2048319598708,82.17990099313865,81.0,82.0
27.0,34.3,31.3,29.9,30.3,34.5,26.8,6.6,82.5,26.0,1008.5,85.14630520572123,58.97993847082304,69.28450304002415,75.0,76.0
26.3,33.5,29.8,29,28.9,34.0,26.2,7.3,91.25,9.0,1012.8,89.51897197431921,66.06236732647574,63.37790277113403,77.0,79.0
27.8,33.4,27.4,29.1,28.9,34.8,26.2,4.4,55.00000000000001,15.0,1010.6,83.92249584974884,58.30737398041321,89.05037959843648,79.0,80.0
28.2,29.5,30.0,29.0,28.9,34.6,25.6,6.1,76.25,27.0,1010.9,80.44149476925925,68.16306651715914,73.04873549906269,76.0,78.0
26.9,32.7,29.1,28.9,28.9,33.1,24.7,7.7,96.25,17.0,1009.9,81.36566724985619,58.328715477646256,75.94515592661426,74.0,75.0
27.4,34.6,30.5,30,30.1,35.0,25.8,8.0,100.0,7.0,1011.9,82.66594833556785,37.730181018877104,61.701086461119935,66.0,65.0
25.5,34.9,30.6,29.1,29.7,35.4,25.2,7.6,95.0,12.0,1012.3,82.30934090511923,48.97102437609386,63.23242693081439,69.0,68.0
25.0,29.8,28.5,27.1,27.9,32.1,25.0,2.2,27.500000000000004,18.0,1011.9,94.14998295565503,75.6119273332423,77.73668302185092,85.0,83.0
28.0,34.1,29.6,29.9,30.0,35.1,27.5,7.2,90.0,25.0,1011.7,77.5001101017608,59.38371983525674,79.61261403540507,73.0,77.0
26.5,33.2,29.7,29,29.4,34.3,26.5,5.4,67.5,25,1012.0,82.70451036372832,55.93409834690558,69.59288039511871,73.0,75.0
26.7,33.8,28.2,28.9,28.9,34.2,26.0,3.0,37.5,2.0,1013.2,85.80938555747959,56.41527663544903,81.88023772703265,77.0,77.0
24.1,33.6,29.0,27.7,28.2,34.4,22.8,7.5,93.75,9.0,1012.7,81.71842513612906,46.735177017139215,62.01272309925064,68.0,66.0
28.2,34.1,30.0,30.1,30.0,36.0,27.2,7.2,90.0,22.0,1009.2,85.52373569886271,58.83302691349341,79.0920832572861,77.0,78.0
26.8,33.5,30.1,29.3,29.1,34.2,25.8,4.4,55.00000000000001,12.0,1010.9,87.36803915131289,57.82873831221078,71.7895335799344,76.0,76.0
22.6,33.7,28.6,26.9,28.2,33.9,22.3,7.6,95.0,1.0,1013.4,84.37150911809817,45.30913458163708,67.56195735183358,70.0,67.0
28.6,35.2,31.0,30.9,30.3,35.5,27.0,6.3,78.75,11.0,1009.8,77.78325870166977,51.25485235823053,69.73648804147354,69.0,71.0
27.0,33.7,30.4,29.5,29.3,34.3,26.5,5.4,67.5,24.0,1010.6,92.0528680911697,64.17674813876827,71.30896090281328,80.0,79.0
26.4,34.4,30.4,29.4,30.1,34.7,26.4,7.6,95.0,11.0,1012.8,84.94839962607826,53.68666285089573,64.94852245682054,72.0,69.0
29.1,35.4,30.6,31.1,30.8,35.4,27.2,8.0,100.0,24.0,1012.2,76.63174922929971,51.930906880687,73.36881402481814,70.0,72.0
28.4,36.1,31.6,31.1,31.1,36.5,26.9,8.0,100.0,22.0,1012.2,72.82944435312838,43.773671799708666,63.343482991922606,63.0,64.0
28.0,35.5,26.5,29.5,29.0,36.0,25.8,5.7,71.25,13.0,1012.8,86.20240588236928,54.056360676977086,91.17795679656344,79.0,82.0
28.0,34.6,28.3,29.7,29.3,35.1,26.3,7.3,91.25,22.0,1010.5,85.46246958120267,60.29102241264269,89.25757398363217,80.0,82.0
27.2,35.0,30.5,30.0,29.9,35.8,25.8,8.0,100.0,13.0,1011.8,74.24149006004485,43.16737250476233,66.89817753975977,65.0,67.0
26.6,32.4,29.2,28.7,28.2,33.0,25.0,3.7,46.25,11.0,1013.0,84.25491068126225,62.13369818581099,78.75045080083396,77.0,81.0
26.8,34.0,29.6,29.3,29.6,34.4,26.2,7.2,90.0,30.0,1010.0,89.68028854656967,56.57253152833923,79.61261403540507,79.0,77.0
27.7,34.3,28.6,29.6,28.4,34.6,23.6,7.6,95.0,10.0,1012.3,83.15154065464408,50.98946197108186,73.62742554694285,73.0,73.0
26.1,32.5,26.6,27.8,27.5,33.3,25.2,4.8,60.0,17.0,1008.0,86.39302130901606,65.1500115285397,88.85779948974681,82.0,82.0
26.3,33.0,25.2,27.7,27.5,33.8,24.6,4.5,56.25,31.0,1010.7,92.72339050173582,63.1343532920419,94.9996701525737,86.0,86.0
25.0,31.0,28.4,27.4,26.8,31.6,22.0,7.1,88.75,29.0,1011.2,75.93974322354667,55.19555021864681,57.702252521889775,66.0,67.0
26.0,32.6,29.9,28.6,29.3,33.0,25.7,7.1,88.75,6.0,1011.1,87.92320360553816,60.53782991276427,71.02010642452916,77.0,75.0
26.4,30.6,29.2,28.2,28.7,33.0,25.4,2.8,35.0,11.0,1012.7,95.13302184261175,77.32697094499729,78.05768284876574,86.0,83.0
26.8,35.8,30.7,30.0,30.6,35.8,26.3,7.9,98.75,23.0,1012.8,81.32459406590085,49.76379933217309,68.28878776681819,70.0,69.0
27.8,34.0,30.0,29.9,30.1,34.8,25.6,7.8,97.5,12.0,1009.6,83.18752610992924,53.35288760163029,71.7328099909835,73.0,71.0
28.3,34.6,30.0,30.3,29.9,35.4,26.2,8.0,100.0,4.0,1011.6,76.93930176037442,47.18995885882551,61.54586985852591,66.0,63.0
27.3,34.9,30.6,30.0,30.5,35.7,26.2,8.0,100.0,11.0,1009.6,85.24291194509685,49.47492353473712,68.22602122405351,72.0,69.0
26.0,30.0,28.7,27.7,28.3,31.4,25.6,2.9,36.25,17.0,1009.1,90.28585167216605,68.48503240047454,77.82959207446787,82.0,80.0
26.5,34.3,30.3,29.4,29.7,35.1,25.2,8.0,100.0,4.0,1011.3,77.68986333665214,47.16041769379311,68.22602122405351,68.0,68.0
26.0,31.3,29.1,28.1,28.4,33.2,25.0,5.1,63.74999999999999,2.0,1012.2,95.08952159285738,66.17880492186525,78.01253599836997,84.0,81.0
27.1,32.4,28.5,28.8,28.5,34.2,26.0,3.0,37.5,24.0,1011.7,84.4269090897893,57.5241521736213,75.64288901416833,76.0,78.0
25.4,33.8,29.2,28.5,29.0,34.4,25.0,7.5,93.75,12.0,1011.0,83.82274072506361,51.068387281625824,76.67978016846965,74.0,73.0
25.4,31.3,26.6,27.2,27.2,31.7,24.8,0.0,0.0,3.0,1011.4,94.20347210821006,64.95247934343949,87.31227976924256,85.0,83.0
25.6,32.8,29.4,28.4,29.4,33.4,25.6,7.8,97.5,22.0,1012.3,89.3999783973894,61.259915381739496,76.77510078007835,79.0,76.0
26.1,32.6,29.6,28.6,29.4,34.5,26.0,7.9,98.75,23,1011.8,79.523574966565,50.5045535447036,74.83847792004364,71.0,70.0
29.0,32.6,31.1,30.4,30.5,35.0,27.4,5.7,71.25,7.0,1011.0,77.9671551350185,55.43834509061784,70.42836655476971,70.0,71.0
26.4,32.2,26.4,27.9,27.4,32.8,24.2,3.0,37.5,11.0,1011.7,85.71477167459545,62.57846019952736,81.15807983141401,79.0,79.0
24.8,32.6,28.2,27.6,28.1,33.2,24.0,7.5,93.75,28.0,1014.1,77.3581151605746,48.89566707418056,70.65985701502619,69.0,66.0
26.8,31.3,28.6,28.4,28.6,33.0,25.3,8.0,100.0,2.0,1009.3,91.23598014520164,70.5429437936909,83.46872963731322,84.0,83.0
26.2,32.0,29.3,28.4,28.7,33.1,25.0,6.9,86.25,9.0,1012.2,87.19895647395388,57.19971012558568,72.66265365037107,76.0,73.0
25.8,33.7,29.8,28.8,29.5,34.3,25.8,8.0,100.0,7.0,1012.9,85.52090374708065,51.505922569171005,71.61848531643072,74.0,70.0
26.7,33.7,30.0,29.3,29.6,34.0,25.8,7.8,97.5,19.0,1011.7,88.10986642175158,56.3360674609214,73.04873549906269,76.0,74.0
26.8,31.8,27.8,28.3,28.4,32.3,26.5,0.4,5.0,4.0,1008.7,86.60291684321892,67.72628345631995,83.92249584974884,81.0,81.0
25.9,35.1,30.0,29.2,29.3,35.4,24.0,7.9,98.75,29.0,1010.4,81.70602339482996,47.65511707926201,69.12982537493674,70.0,68.0
26.2,33.5,27.7,28.4,28.2,34.0,24.8,5.5,68.75,15.0,1011.4,87.97725281676126,56.72519400076476,79.50894925616254,78.0,77.0
28.5,32.0,29.3,29.6,29.5,34.8,26.4,5.0,62.5,7.0,1007.5,82.71281800122718,60.67126852729763,76.72756344737293,76.0,76.0
24.6,33.0,28.8,27.8,27.9,34.0,23.8,7.9,98.75,24.0,1013.0,78.80102048014989,52.48897953757973,68.35931322254112,70.0,69.0
26.4,35.0,29.0,29.2,29.3,35.3,25.5,7.2,90.0,13.0,1011.8,81.15807983141401,46.08161469651017,77.9671551350185,72.0,73.0
30.0,35.8,30.8,31.7,30.7,36.0,26.8,6.1,76.25,13.0,1009.7,82.53753884069481,52.76602899806039,72.17859456011107,73.0,73.0
25.3,31.2,29.8,27.9,28.5,32.7,24.4,7.5,93.75,5.0,1010.1,83.00516212434913,58.87391529868782,71.61848531643072,74.0,73.0
26.3,32.3,28.8,28.4,28.4,32.9,24.6,2.1,26.25,1.0,1009.3,92.72339050173582,65.0188026263269,79.9792315683067,83.0,82.0
28.0,33.2,30.0,29.8,29.9,34.2,25.8,6.2,77.5,15.0,1012.8,86.14367824732606,62.25678696457727,75.90279250253661,78.0,76.0
24.8,31.8,28.0,27.4,27.5,32.8,24.6,4.8,60.0,4.0,1011.7,96.62327570662347,67.11351805563028,84.72525309285922,86.0,84.0
25.3,33.0,24.8,27.1,27.6,33.2,24.6,5.8,72.5,12.0,1011.7,87.72936180164767,56.88052139606405,92.47088262242758,81.0,80.0
23.6,32.9,28.4,27.1,28.6,34.2,23.5,7.4,92.5,12.0,1012.8,84.7530181703311,51.32020469823746,77.68986333665214,75.0,72.0
23.4,33.5,29.2,27.4,28.0,33.5,22.6,7.8,97.5,26.0,1011.6,86.3325590892943,47.15056732230789,66.66161429376073,72.0,70.0
27.7,33.4,30.1,29.7,30.3,34.7,26.4,8.0,100.0,13.0,1009.7,75.93231899349215,49.130242468140864,69.83772939572259,68.0,68.0
27.0,35.3,30.3,29.9,30.6,36.0,26.8,7.7,96.25,28.0,1010.8,83.64219362252179,51.33969863974166,71.25177978558011,72.0,70.0
27.6,36.0,30.6,30.5,29.9,36.2,25.8,8.0,100.0,14.0,1012.3,74.46474212292149,34.17920189532681,63.23242693081439,62.0,66.0
26.2,32.4,28.4,28.3,28.2,33.4,25.4,4.9,61.25000000000001,19.0,1010.9,88.75839269262727,66.88150335923196,84.85339814969886,82.0,83.0
26.0,33.2,27.4,28.2,28.0,33.2,25.1,4.6,57.49999999999999,1.0,1010.5,93.47656840107815,62.69300036634369,84.52793457568407,84.0,83.0
22.2,31.8,28.0,26.1,27.2,32.6,22.2,7.9,98.75,30.0,1012.4,82.51966965248654,39.677905428927566,63.81656109865368,67.0,65.0
28.7,35.7,31.7,31.2,30.9,36.0,27.0,7.0,87.5,21.0,1012.8,79.23233618669144,45.28948423714037,79.773755280204,71.0,70.0
26.7,33.7,26.2,28.3,28.5,34.4,26.2,4.9,61.25000000000001,11.0,1008.6,85.0481455271949,55.7914318524779,87.97725281676126,78.0,77.0
24.5,33.5,29.2,27.9,29.0,34.1,24.2,8.0,100.0,25.0,1012.8,82.68431897913247,52.92630343810573,68.62152149612879,72.0,68.0
26.4,33.2,25.2,27.8,27.0,33.6,23.6,3.4,42.5,2.0,1011.4,94.33225341453438,63.84898550459189,90.10748481432005,86.0,85.0
